id	name	parentid	initial	initials	pinyin	suffix	order
1	北京	0	b	bj	beijing	市	1
2	天津	0	t	tj	tianjin	市	2
3	上海	0	s	sh	shanghai	市	3
4	重庆	0	z	zq	zhongqing	市	4
5	河北	0	h	hb	hebei	省	5
6	山西	0	s	sx	shanxi	省	6
7	内蒙古	0	n	nmg	neimenggu	省	7
8	辽宁	0	l	ln	liaoning	自治区	8
9	吉林	0	j	jl	jilin	省	9
10	黑龙江	0	h	hlj	heilongjiang	省	10
11	江苏	0	j	js	jiangsu	省	11
12	浙江	0	z	zj	zhejiang	省	12
13	安徽	0	a	ah	anhui	省	13
14	福建	0	f	fj	fujian	省	14
15	江西	0	j	jx	jiangxi	省	15
16	山东	0	s	sd	shandong	省	16
17	河南	0	h	hn	henan	省	17
18	湖北	0	h	hb	hubei	省	18
19	湖南	0	h	hn	hunan	省	19
20	广东	0	g	gd	guangdong	省	20
21	广西	0	g	gx	guangxi	自治区	21
22	海南	0	h	hn	hainan	省	22
23	四川	0	s	sc	sichuan	省	23
24	贵州	0	g	gz	guizhou	省	24
25	云南	0	y	yn	yunnan	省	25
26	西藏	0	x	xz	xizang	自治区	26
27	陕西	0	s	sx	shanxi	省	27
28	甘肃	0	g	gs	gansu	省	28
29	青海	0	q	qh	qinghai	省	29
30	宁夏	0	n	nx	ningxia	自治区	30
31	新疆	0	x	xj	xinjiang	自治区	31
32	台湾	0	t	tw	taiwan	省	32
33	香港	0	x	xg	xianggang	特别行政区	33
34	澳门	0	a	am	aomen	特别行政区	34
35	海外	0	h	hw	haiwai		35
36	东城	1	d	dc	dongcheng	区	1
37	西城	1	x	xc	xicheng	区	2
38	崇文	1	c	cw	chongwen	区	3
39	宣武	1	x	xw	xuanwu	区	4
40	朝阳	1	c	cy	chaoyang	区	5
41	丰台	1	f	ft	fengtai	区	6
42	石景山	1	s	sjs	shijingshan	区	7
43	海淀	1	h	hd	haidian	区	8
44	门头沟	1	m	mtg	mentougou	区	9
45	房山	1	f	fs	fangshan	区	10
46	通州	1	t	tz	tongzhou	区	11
47	顺义	1	s	sy	shunyi	区	12
48	昌平	1	c	cp	changping	区	13
49	大兴	1	d	dx	daxing	区	14
50	怀柔	1	h	hr	huairou	区	15
51	平谷	1	p	pg	pinggu	区	16
52	密云	1	m	my	miyun	县	17
53	延庆	1	y	yq	yanqing	县	18
54	和平	2	h	hp	heping	区	1
55	河东	2	h	hd	hedong	区	2
56	河西	2	h	hx	hexi	区	3
57	南开	2	n	nk	nankai	区	4
58	河北	2	h	hb	hebei	区	5
59	红桥	2	h	hq	hongqiao	区	6
60	东丽	2	d	dl	dongli	区	7
61	西青	2	x	xq	xiqing	区	8
62	津南	2	j	jn	jinnan	区	9
63	北辰	2	b	bc	beichen	区	10
64	武清	2	w	wq	wuqing	区	11
65	宝坻	2	b	bc	baochi	区	12
66	滨海新区	2	b	bhxq	binhaixinqu		13
67	宁河	2	n	nh	ninghe	县	14
68	蓟县	2	j	jx	jixian		15
69	静海	2	j	jh	jinghai	县	16
70	黄浦	3	h	hp	huangpu	区	1
71	徐汇	3	x	xh	xuhui	区	2
72	长宁	3	z	zn	zhangning	区	3
73	静安	3	j	ja	jingan	区	4
74	普陀	3	p	pt	putuo	区	5
75	闸北	3	z	zb	zhabei	区	6
76	虹口	3	h	hk	hongkou	区	7
77	杨浦	3	y	yp	yangpu	区	8
78	闵行	3	m	mx	minxing	区	9
79	宝山	3	b	bs	baoshan	区	10
80	嘉定	3	j	jd	jiading	区	11
81	浦东新区	3	p	pdxq	pudongxinqu		12
82	金山	3	j	js	jinshan	区	13
83	松江	3	s	sj	songjiang	区	14
84	青浦	3	q	qp	qingpu	区	15
85	奉贤	3	f	fx	fengxian	区	16
86	崇明	3	c	cm	chongming	县	17
87	万州	4	w	wz	wanzhou	区	1
88	涪陵	4	f	fl	fuling	区	2
89	渝中	4	y	yz	yuzhong	区	3
90	大渡口	4	d	ddk	dadukou	区	4
91	江北	4	j	jb	jiangbei	区	5
92	沙坪坝	4	s	spb	shapingba	区	6
93	九龙坡	4	j	jlp	jiulongpo	区	7
94	南岸	4	n	na	nanan	区	8
95	北碚	4	b	bb	beibei	区	9
96	綦江	4	q	qj	qijiang	区	10
97	大足	4	d	dz	dazu	区	11
98	渝北	4	y	yb	yubei	区	12
99	巴南	4	b	bn	banan	区	13
100	黔江	4	q	qj	qianjiang	区	14
101	长寿	4	z	zs	zhangshou	区	15
102	江津	4	j	jj	jiangjin	区	16
103	合川	4	h	hc	hechuan	区	17
104	永川	4	y	yc	yongchuan	区	18
105	南川	4	n	nc	nanchuan	区	19
106	潼南	4	t	tn	tongnan	县	20
107	铜梁	4	t	tl	tongliang	县	21
108	荣昌	4	r	rc	rongchang	县	22
109	璧山	4	b	bs	bishan	县	23
110	梁平	4	l	lp	liangping	县	24
111	城口	4	c	ck	chengkou	县	25
112	丰都	4	f	fd	fengdou	县	26
113	垫江	4	d	dj	dianjiang	县	27
114	武隆	4	w	wl	wulong	县	28
115	忠县	4	z	zx	zhongxian		29
116	开县	4	k	kx	kaixian		30
117	云阳	4	y	yy	yunyang	县	31
118	奉节	4	f	fj	fengjie	县	32
119	巫山	4	w	ws	wushan	县	33
120	巫溪	4	w	wx	wuxi	县	34
121	石柱	4	s	sz	shizhu	自治县	35
122	秀山	4	x	xs	xiushan	自治县	36
123	酉阳	4	y	yy	youyang	自治县	37
124	彭水	4	p	ps	pengshui	自治县	38
125	石家庄	5	s	sjz	shijiazhuang	市	1
126	唐山	5	t	ts	tangshan	市	2
127	秦皇岛	5	q	qhd	qinhuangdao	市	3
128	邯郸	5	h	hd	handan	市	4
129	邢台	5	x	xt	xingtai	市	5
130	保定	5	b	bd	baoding	市	6
131	张家口	5	z	zjk	zhangjiakou	市	7
132	承德	5	c	cd	chengde	市	8
133	沧州	5	c	cz	cangzhou	市	9
134	廊坊	5	l	lf	langfang	市	10
135	衡水	5	h	hs	hengshui	市	11
136	太原	6	t	ty	taiyuan	市	1
137	大同	6	d	dt	datong	市	2
138	阳泉	6	y	yq	yangquan	市	3
139	长治	6	z	zz	zhangzhi	市	4
140	晋城	6	j	jc	jincheng	市	5
141	朔州	6	s	sz	shuozhou	市	6
142	晋中	6	j	jz	jinzhong	市	7
143	运城	6	y	yc	yuncheng	市	8
144	忻州	6	x	xz	xinzhou	市	9
145	临汾	6	l	lf	linfen	市	10
146	吕梁	6	l	ll	lu:liang	市	11
147	呼和浩特	7	h	hhht	huhehaote	市	1
148	包头	7	b	bt	baotou	市	2
149	乌海	7	w	wh	wuhai	市	3
150	赤峰	7	c	cf	chifeng	市	4
151	通辽	7	t	tl	tongliao	市	5
152	鄂尔多斯	7	e	eeds	eerduosi	市	6
153	呼伦贝尔	7	h	hlbe	hulunbeier	市	7
154	巴彦淖尔	7	b	byne	bayannaoer	市	8
155	乌兰察布	7	w	wlcb	wulanchabu	市	9
156	兴安	7	x	xa	xingan	盟	10
157	锡林郭勒	7	x	xlgl	xilinguole	盟	11
158	阿拉善	7	a	als	alashan	盟	12
159	沈阳	8	s	sy	shenyang	市	1
160	大连	8	d	dl	dalian	市	2
161	鞍山	8	a	as	anshan	市	3
162	抚顺	8	f	fs	fushun	市	4
163	本溪	8	b	bx	benxi	市	5
164	丹东	8	d	dd	dandong	市	6
165	锦州	8	j	jz	jinzhou	市	7
166	营口	8	y	yk	yingkou	市	8
167	阜新	8	f	fx	fuxin	市	9
168	辽阳	8	l	ly	liaoyang	市	10
169	盘锦	8	p	pj	panjin	市	11
170	铁岭	8	t	tl	tieling	市	12
171	朝阳	8	c	cy	chaoyang	市	13
172	葫芦岛	8	h	hld	huludao	市	14
173	长春	9	z	zc	zhangchun	市	1
174	吉林	9	j	jl	jilin	市	2
175	四平	9	s	sp	siping	市	3
176	辽源	9	l	ly	liaoyuan	市	4
177	通化	9	t	th	tonghua	市	5
178	白山	9	b	bs	baishan	市	6
179	松原	9	s	sy	songyuan	市	7
180	白城	9	b	bc	baicheng	市	8
181	延边	9	y	yb	yanbian	自治州	9
182	哈尔滨	10	h	heb	haerbin	市	1
183	齐齐哈尔	10	q	qqhe	qiqihaer	市	2
184	鸡西	10	j	jx	jixi	市	3
185	鹤岗	10	h	hg	hegang	市	4
186	双鸭山	10	s	sys	shuangyashan	市	5
187	大庆	10	d	dq	daqing	市	6
188	伊春	10	y	yc	yichun	市	7
189	佳木斯	10	j	jms	jiamusi	市	8
190	七台河	10	q	qth	qitaihe	市	9
191	牡丹江	10	m	mdj	mudanjiang	市	10
192	黑河	10	h	hh	heihe	市	11
193	绥化	10	s	sh	suihua	市	12
194	大兴安岭	10	d	dxal	daxinganling	地区	13
195	南京	11	n	nj	nanjing	市	1
196	无锡	11	w	wx	wuxi	市	2
197	徐州	11	x	xz	xuzhou	市	3
198	常州	11	c	cz	changzhou	市	4
199	苏州	11	s	sz	suzhou	市	5
200	南通	11	n	nt	nantong	市	6
201	连云港	11	l	lyg	lianyungang	市	7
202	淮安	11	h	ha	huaian	市	8
203	盐城	11	y	yc	yancheng	市	9
204	扬州	11	y	yz	yangzhou	市	10
205	镇江	11	z	zj	zhenjiang	市	11
206	泰州	11	t	tz	taizhou	市	12
207	宿迁	11	s	sq	suqian	市	13
208	杭州	12	h	hz	hangzhou	市	1
209	宁波	12	n	nb	ningbo	市	2
210	温州	12	w	wz	wenzhou	市	3
211	嘉兴	12	j	jx	jiaxing	市	4
212	湖州	12	h	hz	huzhou	市	5
213	绍兴	12	s	sx	shaoxing	市	6
214	金华	12	j	jh	jinhua	市	7
215	衢州	12	q	qz	quzhou	市	8
216	舟山	12	z	zs	zhoushan	市	9
217	台州	12	t	tz	taizhou	市	10
218	丽水	12	l	ls	lishui	市	11
219	合肥	13	h	hf	hefei	市	1
220	芜湖	13	w	wh	wuhu	市	2
221	蚌埠	13	b	bb	bangbu	市	3
222	淮南	13	h	hn	huainan	市	4
223	马鞍山	13	m	mas	maanshan	市	5
224	淮北	13	h	hb	huaibei	市	6
225	铜陵	13	t	tl	tongling	市	7
226	安庆	13	a	aq	anqing	市	8
227	黄山	13	h	hs	huangshan	市	9
228	滁州	13	c	cz	chuzhou	市	10
229	阜阳	13	f	fy	fuyang	市	11
230	宿州	13	s	sz	suzhou	市	12
231	六安	13	l	la	liuan	市	13
232	亳州	13	b	bz	bozhou	市	14
233	池州	13	c	cz	chizhou	市	15
234	宣城	13	x	xc	xuancheng	市	16
235	福州	14	f	fz	fuzhou	市	1
236	厦门	14	s	sm	shamen	市	2
237	莆田	14	p	pt	putian	市	3
238	三明	14	s	sm	sanming	市	4
239	泉州	14	q	qz	quanzhou	市	5
240	漳州	14	z	zz	zhangzhou	市	6
241	南平	14	n	np	nanping	市	7
242	龙岩	14	l	ly	longyan	市	8
243	宁德	14	n	nd	ningde	市	9
244	南昌	15	n	nc	nanchang	市	1
245	景德镇	15	j	jdz	jingdezhen	市	2
246	萍乡	15	p	px	pingxiang	市	3
247	九江	15	j	jj	jiujiang	市	4
248	新余	15	x	xy	xinyu	市	5
249	鹰潭	15	y	yt	yingtan	市	6
250	赣州	15	g	gz	ganzhou	市	7
251	吉安	15	j	ja	jian	市	8
252	宜春	15	y	yc	yichun	市	9
253	抚州	15	f	fz	fuzhou	市	10
254	上饶	15	s	sr	shangrao	市	11
255	济南	16	j	jn	jinan	市	1
256	青岛	16	q	qd	qingdao	市	2
257	淄博	16	z	zb	zibo	市	3
258	枣庄	16	z	zz	zaozhuang	市	4
259	东营	16	d	dy	dongying	市	5
260	烟台	16	y	yt	yantai	市	6
261	潍坊	16	w	wf	weifang	市	7
262	济宁	16	j	jn	jining	市	8
263	泰安	16	t	ta	taian	市	9
264	威海	16	w	wh	weihai	市	10
265	日照	16	r	rz	rizhao	市	11
266	莱芜	16	l	lw	laiwu	市	12
267	临沂	16	l	ly	linyi	市	13
268	德州	16	d	dz	dezhou	市	14
269	聊城	16	l	lc	liaocheng	市	15
270	滨州	16	b	bz	binzhou	市	16
271	菏泽	16	h	hz	heze	市	17
272	郑州	17	z	zz	zhengzhou	市	1
273	开封	17	k	kf	kaifeng	市	2
274	洛阳	17	l	ly	luoyang	市	3
275	平顶山	17	p	pds	pingdingshan	市	4
276	安阳	17	a	ay	anyang	市	5
277	鹤壁	17	h	hb	hebi	市	6
278	新乡	17	x	xx	xinxiang	市	7
279	焦作	17	j	jz	jiaozuo	市	8
280	濮阳	17	p	py	puyang	市	9
281	许昌	17	x	xc	xuchang	市	10
282	漯河	17	l	lh	luohe	市	11
283	三门峡	17	s	smx	sanmenxia	市	12
284	南阳	17	n	ny	nanyang	市	13
285	商丘	17	s	sq	shangqiu	市	14
286	信阳	17	x	xy	xinyang	市	15
287	周口	17	z	zk	zhoukou	市	16
288	驻马店	17	z	zmd	zhumadian	市	17
289	济源	17	j	jy	jiyuan	市	18
290	武汉	18	w	wh	wuhan	市	1
291	黄石	18	h	hs	huangshi	市	2
292	十堰	18	s	sy	shiyan	市	3
293	宜昌	18	y	yc	yichang	市	4
294	襄阳	18	x	xy	xiangyang	市	5
295	鄂州	18	e	ez	ezhou	市	6
296	荆门	18	j	jm	jingmen	市	7
297	孝感	18	x	xg	xiaogan	市	8
298	荆州	18	j	jz	jingzhou	市	9
299	黄冈	18	h	hg	huanggang	市	10
300	咸宁	18	x	xn	xianning	市	11
301	随州	18	s	sz	suizhou	市	12
302	恩施	18	e	es	enshi	自治州	13
303	仙桃	18	x	xt	xiantao	市	14
304	潜江	18	q	qj	qianjiang	市	15
305	天门	18	t	tm	tianmen	市	16
306	神农架林区	18	s	snjlq	shennongjialinqu		17
307	长沙	19	z	zs	zhangsha	市	1
308	株洲	19	z	zz	zhuzhou	市	2
309	湘潭	19	x	xt	xiangtan	市	3
310	衡阳	19	h	hy	hengyang	市	4
311	邵阳	19	s	sy	shaoyang	市	5
312	岳阳	19	y	yy	yueyang	市	6
313	常德	19	c	cd	changde	市	7
314	张家界	19	z	zjj	zhangjiajie	市	8
315	益阳	19	y	yy	yiyang	市	9
316	郴州	19	c	cz	chenzhou	市	10
317	永州	19	y	yz	yongzhou	市	11
318	怀化	19	h	hh	huaihua	市	12
319	娄底	19	l	ld	loudi	市	13
320	湘西	19	x	xx	xiangxi	自治州	14
321	广州	20	g	gz	guangzhou	市	1
322	韶关	20	s	sg	shaoguan	市	2
323	深圳	20	s	sz	shenzhen	市	3
324	珠海	20	z	zh	zhuhai	市	4
325	汕头	20	s	st	shantou	市	5
326	佛山	20	f	fs	foshan	市	6
327	江门	20	j	jm	jiangmen	市	7
328	湛江	20	z	zj	zhanjiang	市	8
329	茂名	20	m	mm	maoming	市	9
330	肇庆	20	z	zq	zhaoqing	市	10
331	惠州	20	h	hz	huizhou	市	11
332	梅州	20	m	mz	meizhou	市	12
333	汕尾	20	s	sw	shanwei	市	13
334	河源	20	h	hy	heyuan	市	14
335	阳江	20	y	yj	yangjiang	市	15
336	清远	20	q	qy	qingyuan	市	16
337	东莞	20	d	dg	dongguan	市	17
338	中山	20	z	zs	zhongshan	市	18
339	潮州	20	c	cz	chaozhou	市	19
340	揭阳	20	j	jy	jieyang	市	20
341	云浮	20	y	yf	yunfu	市	21
342	南宁	21	n	nn	nanning	市	1
343	柳州	21	l	lz	liuzhou	市	2
344	桂林	21	g	gl	guilin	市	3
345	梧州	21	w	wz	wuzhou	市	4
346	北海	21	b	bh	beihai	市	5
347	防城港	21	f	fcg	fangchenggang	市	6
348	钦州	21	q	qz	qinzhou	市	7
349	贵港	21	g	gg	guigang	市	8
350	玉林	21	y	yl	yulin	市	9
351	百色	21	b	bs	baise	市	10
352	贺州	21	h	hz	hezhou	市	11
353	河池	21	h	hc	hechi	市	12
354	来宾	21	l	lb	laibin	市	13
355	崇左	21	c	cz	chongzuo	市	14
356	海口	22	h	hk	haikou	市	1
357	三亚	22	s	sy	sanya	市	2
358	三沙	22	s	ss	sansha	市	3
359	五指山	22	w	wzs	wuzhishan	市	4
360	琼海	22	q	qh	qionghai	市	5
361	儋州	22	d	dz	danzhou	市	6
362	文昌	22	w	wc	wenchang	市	7
363	万宁	22	w	wn	wanning	市	8
364	东方	22	d	df	dongfang	市	9
365	定安	22	d	da	dingan	县	10
366	屯昌	22	t	tc	tunchang	县	11
367	澄迈	22	c	cm	chengmai	县	12
368	临高	22	l	lg	lingao	县	13
369	白沙	22	b	bs	baisha	自治县	14
370	昌江	22	c	cj	changjiang	自治县	15
371	乐东	22	l	ld	ledong	自治县	16
372	陵水	22	l	ls	lingshui	自治县	17
373	保亭	22	b	bt	baoting	自治县	18
374	琼中	22	q	qz	qiongzhong	自治县	19
375	成都	23	c	cd	chengdou	市	1
376	自贡	23	z	zg	zigong	市	2
377	攀枝花	23	p	pzh	panzhihua	市	3
378	泸州	23	l	lz	luzhou	市	4
379	德阳	23	d	dy	deyang	市	5
380	绵阳	23	m	my	mianyang	市	6
381	广元	23	g	gy	guangyuan	市	7
382	遂宁	23	s	sn	suining	市	8
383	内江	23	n	nj	neijiang	市	9
384	乐山	23	l	ls	leshan	市	10
385	南充	23	n	nc	nanchong	市	11
386	眉山	23	m	ms	meishan	市	12
387	宜宾	23	y	yb	yibin	市	13
388	广安	23	g	ga	guangan	市	14
389	达州	23	d	dz	dazhou	市	15
390	雅安	23	y	ya	yaan	市	16
391	巴中	23	b	bz	bazhong	市	17
392	资阳	23	z	zy	ziyang	市	18
393	阿坝	23	a	ab	aba	自治州	19
394	甘孜	23	g	gz	ganzi	自治州	20
395	凉山	23	l	ls	liangshan	自治州	21
396	贵阳	24	g	gy	guiyang	市	1
397	六盘水	24	l	lps	liupanshui	市	2
398	遵义	24	z	zy	zunyi	市	3
399	安顺	24	a	as	anshun	市	4
400	毕节	24	b	bj	bijie	市	5
401	铜仁	24	t	tr	tongren	市	6
402	黔西南	24	q	qxn	qianxinan	自治州	7
403	黔东南	24	q	qdn	qiandongnan	自治州	8
404	黔南	24	q	qn	qiannan	自治州	9
405	昆明	25	k	km	kunming	市	1
406	曲靖	25	q	qj	qujing	市	2
407	玉溪	25	y	yx	yuxi	市	3
408	昭通	25	z	zt	zhaotong	市	4
409	丽江	25	l	lj	lijiang	市	5
410	普洱	25	p	pe	puer	市	6
411	临沧	25	l	lc	lincang	市	7
412	楚雄	25	c	cx	chuxiong	自治州	8
413	红河	25	h	hh	honghe	自治州	9
414	文山	25	w	ws	wenshan	自治州	10
415	西双版纳	25	x	xsbn	xishuangbanna	自治州	11
416	大理	25	d	dl	dali	自治州	12
417	德宏	25	d	dh	dehong	自治州	13
418	怒江	25	n	nj	nujiang	自治州	14
419	迪庆	25	d	dq	diqing	自治州	15
420	保山	25	b	bs	baoshan	市	16
421	拉萨	26	l	ls	lasa	市	1
422	昌都	26	c	cd	changdou	地区	2
423	山南	26	s	sn	shannan	地区	3
424	日喀则	26	r	rkz	rikaze	地区	4
425	那曲	26	n	nq	neiqu	地区	5
426	阿里	26	a	al	ali	地区	6
427	林芝	26	l	lz	linzhi	地区	7
428	西安	27	x	xa	xian	市	1
429	铜川	27	t	tc	tongchuan	市	2
430	宝鸡	27	b	bj	baoji	市	3
431	咸阳	27	x	xy	xianyang	市	4
432	渭南	27	w	wn	weinan	市	5
433	延安	27	y	ya	yanan	市	6
434	汉中	27	h	hz	hanzhong	市	7
435	榆林	27	y	yl	yulin	市	8
436	安康	27	a	ak	ankang	市	9
437	商洛	27	s	sl	shangluo	市	10
438	兰州	28	l	lz	lanzhou	市	1
439	嘉峪关	28	j	jyg	jiayuguan	市	2
440	金昌	28	j	jc	jinchang	市	3
441	白银	28	b	by	baiyin	市	4
442	天水	28	t	ts	tianshui	市	5
443	武威	28	w	ww	wuwei	市	6
444	张掖	28	z	zy	zhangye	市	7
445	平凉	28	p	pl	pingliang	市	8
446	酒泉	28	j	jq	jiuquan	市	9
447	庆阳	28	q	qy	qingyang	市	10
448	定西	28	d	dx	dingxi	市	11
449	陇南	28	l	ln	longnan	市	12
450	临夏	28	l	lx	linxia	自治州	13
451	甘南	28	g	gn	gannan	自治州	14
452	西宁	29	x	xn	xining	市	1
453	海东	29	h	hd	haidong	市	2
454	海北	29	h	hb	haibei	自治州	3
455	黄南	29	h	hn	huangnan	自治州	4
456	海南	29	h	hn	hainan	自治州	5
457	果洛	29	g	gl	guoluo	自治州	6
458	玉树	29	y	ys	yushu	自治州	7
459	海西	29	h	hx	haixi	自治州	8
460	银川	30	y	yc	yinchuan	市	1
461	石嘴山	30	s	szs	shizuishan	市	2
462	吴忠	30	w	wz	wuzhong	市	3
463	固原	30	g	gy	guyuan	市	4
464	中卫	30	z	zw	zhongwei	市	5
465	铁门关	31	t	tmg	tiemenguan	市	1
466	北屯	31	b	bt	beitun	市	2
467	乌鲁木齐	31	w	wlmq	wulumuqi	市	3
468	克拉玛依	31	k	klmy	kelamayi	市	4
469	吐鲁番	31	t	tlf	tulufan	地区	5
470	哈密	31	h	hm	hami	地区	6
471	昌吉	31	c	cj	changji	自治州	7
472	博尔塔拉	31	b	betl	boertala	自治州	8
473	巴音郭楞	31	b	bygl	bayinguoleng	自治州	9
474	阿克苏	31	a	aks	akesu	地区	10
475	克孜勒苏	31	k	kzls	kezilesu	自治州	11
476	喀什	31	k	ks	kashen	地区	12
477	和田	31	h	ht	hetian	地区	13
478	伊犁	31	y	yl	yili	自治州	14
479	塔城	31	t	tc	tacheng	地区	15
480	阿勒泰	31	a	alt	aletai	地区	16
481	石河子	31	s	shz	shihezi	市	17
482	阿拉尔	31	a	ale	alaer	市	18
483	图木舒克	31	t	tmsk	tumushuke	市	19
484	五家渠	31	w	wjq	wujiaqu	市	20
485	台北	32	t	tb	taibei	市	1
486	高雄	32	g	gx	gaoxiong	市	2
487	基隆	32	j	jl	jilong	市	3
488	台中	32	t	tz	taizhong	市	4
489	台南	32	t	tn	tainan	市	5
490	新竹	32	x	xz	xinzhu	市	6
491	嘉义	32	j	jy	jiayi	市	7
492	新北	32	x	xb	xinbei	市	8
493	宜兰	32	y	yl	yilan	县	9
494	桃园	32	t	ty	taoyuan	县	10
495	新竹	32	x	xz	xinzhu	县	11
496	苗栗	32	m	ml	miaoli	县	12
497	彰化	32	z	zh	zhanghua	县	13
498	南投	32	n	nt	nantou	县	14
499	云林	32	y	yl	yunlin	县	15
500	嘉义	32	j	jy	jiayi	县	16
501	屏东	32	p	pd	pingdong	县	17
502	台东	32	t	td	taidong	县	18
503	花莲	32	h	hl	hualian	县	19
504	澎湖	32	p	ph	penghu	县	20
505	连江	32	l	lj	lianjiang	县	21
506	金门	32	j	jm	jinmen	县	22
507	中西	33	z	zx	zhongxi	区	1
508	葵青	33	k	kq	kuiqing	区	2
509	元朗	33	y	yl	yuanlang	区	3
510	屯门	33	t	tm	tunmen	区	4
511	荃湾	33	q	qw	quanwan	区	5
512	西贡	33	x	xg	xigong	区	6
513	沙田	33	s	st	shatian	区	7
514	大埔	33	d	dp	dapu	区	8
515	北区	33	b	bq	beiqu		9
516	观塘	33	g	gt	guantang	区	10
517	黄大仙	33	h	hdx	huangdaxian	区	11
518	深水埗	33	s	ssb	shenshuibu	区	12
519	油尖旺	33	y	yjw	youjianwang	区	13
520	九龙城	33	j	jlc	jiulongcheng	区	14
521	南区	33	n	nq	nanqu		15
522	东区	33	d	dq	dongqu		16
523	湾仔	33	w	wz	wanzi	区	17
524	离岛	33	l	ld	lidao	区	18
525	花地玛	34	h	hdm	huadima	堂区	1
526	圣安多	34	s	sad	shenganduo	堂区	2
527	大堂区	34	d	dtq	datangqu	堂区	3
528	望德	34	w	wd	wangde	堂区	4
529	风顺	34	f	fs	fengshun	堂区	5
530	嘉模	34	j	jm	jiamo	堂区	6
531	圣方济各	34	s	sfjg	shengfangjige	堂区	7
532	路氹城	34	l	ldc	ludangcheng		8
533	长安	125	z	za	zhangan	区	1
534	桥东	125	q	qd	qiaodong	区	2
535	桥西	125	q	qx	qiaoxi	区	3
536	新华	125	x	xh	xinhua	区	4
537	井陉矿	125	j	jxk	jingxingkuang	区	5
538	裕华	125	y	yh	yuhua	区	6
539	井陉	125	j	jx	jingxing	县	7
540	正定	125	z	zd	zhengding	县	8
541	栾城	125	l	lc	luancheng	县	9
542	行唐	125	x	xt	xingtang	县	10
543	灵寿	125	l	ls	lingshou	县	11
544	高邑	125	g	gy	gaoyi	县	12
545	深泽	125	s	sz	shenze	县	13
546	赞皇	125	z	zh	zanhuang	县	14
547	无极	125	w	wj	wuji	县	15
548	平山	125	p	ps	pingshan	县	16
549	元氏	125	y	ys	yuanshi	县	17
550	赵县	125	z	zx	zhaoxian		18
551	辛集	125	x	xj	xinji	市	19
552	藁城	125	g	gc	gaocheng	市	20
553	晋州	125	j	jz	jinzhou	市	21
554	新乐	125	x	xl	xinle	市	22
555	鹿泉	125	l	lq	luquan	市	23
556	路南	126	l	ln	lunan	区	1
557	路北	126	l	lb	lubei	区	2
558	古冶	126	g	gy	guye	区	3
559	开平	126	k	kp	kaiping	区	4
560	丰南	126	f	fn	fengnan	区	5
561	丰润	126	f	fr	fengrun	区	6
562	滦县	126	l	lx	luanxian		7
563	滦南	126	l	ln	luannan	县	8
564	乐亭	126	l	lt	leting	县	9
565	迁西	126	q	qx	qianxi	县	10
566	玉田	126	y	yt	yutian	县	11
567	唐海	126	t	th	tanghai	县	12
568	遵化	126	z	zh	zunhua	市	13
569	迁安	126	q	qa	qianan	市	14
570	海港	127	h	hg	haigang	区	1
571	山海关	127	s	shg	shanhaiguan	区	2
572	北戴河	127	b	bdh	beidaihe	区	3
573	青龙	127	q	ql	qinglong	自治县	4
574	昌黎	127	c	cl	changli	县	5
575	抚宁	127	f	fn	funing	县	6
576	卢龙	127	l	ll	lulong	县	7
577	邯山	128	h	hs	hanshan	区	1
578	丛台	128	c	ct	congtai	区	2
579	复兴	128	f	fx	fuxing	区	3
580	峰峰矿	128	f	ffk	fengfengkuang	区	4
581	邯郸	128	h	hd	handan	县	5
582	临漳	128	l	lz	linzhang	县	6
583	成安	128	c	ca	chengan	县	7
584	大名	128	d	dm	daming	县	8
585	涉县	128	s	sx	shexian		9
586	磁县	128	c	cx	cixian		10
587	肥乡	128	f	fx	feixiang	县	11
588	永年	128	y	yn	yongnian	县	12
589	邱县	128	q	qx	qiuxian		13
590	鸡泽	128	j	jz	jize	县	14
591	广平	128	g	gp	guangping	县	15
592	馆陶	128	g	gt	guantao	县	16
593	魏县	128	w	wx	weixian		17
594	曲周	128	q	qz	quzhou	县	18
595	武安	128	w	wa	wuan	市	19
596	桥东	129	q	qd	qiaodong	区	1
597	桥西	129	q	qx	qiaoxi	区	2
598	邢台	129	x	xt	xingtai	县	3
599	临城	129	l	lc	lincheng	县	4
600	内丘	129	n	nq	neiqiu	县	5
601	柏乡	129	b	bx	boxiang	县	6
602	隆尧	129	l	ly	longyao	县	7
603	任县	129	r	rx	renxian		8
604	南和	129	n	nh	nanhe	县	9
605	宁晋	129	n	nj	ningjin	县	10
606	巨鹿	129	j	jl	julu	县	11
607	新河	129	x	xh	xinhe	县	12
608	广宗	129	g	gz	guangzong	县	13
609	平乡	129	p	px	pingxiang	县	14
610	威县	129	w	wx	weixian		15
611	清河	129	q	qh	qinghe	县	16
612	临西	129	l	lx	linxi	县	17
613	南宫	129	n	ng	nangong	市	18
614	沙河	129	s	sh	shahe	市	19
615	新市	130	x	xs	xinshi	区	1
616	北市	130	b	bs	beishi	区	2
617	南市	130	n	ns	nanshi	区	3
618	满城	130	m	mc	mancheng	县	4
619	清苑	130	q	qy	qingyuan	县	5
620	涞水	130	l	ls	laishui	县	6
621	阜平	130	f	fp	fuping	县	7
622	徐水	130	x	xs	xushui	县	8
623	定兴	130	d	dx	dingxing	县	9
624	唐县	130	t	tx	tangxian		10
625	高阳	130	g	gy	gaoyang	县	11
626	容城	130	r	rc	rongcheng	县	12
627	涞源	130	l	ly	laiyuan	县	13
628	望都	130	w	wd	wangdou	县	14
629	安新	130	a	ax	anxin	县	15
630	易县	130	y	yx	yixian		16
631	曲阳	130	q	qy	quyang	县	17
632	蠡县	130	l	lx	lixian		18
633	顺平	130	s	sp	shunping	县	19
634	博野	130	b	by	boye	县	20
635	雄县	130	x	xx	xiongxian		21
636	涿州	130	z	zz	zhuozhou	市	22
637	定州	130	d	dz	dingzhou	市	23
638	安国	130	a	ag	anguo	市	24
639	高碑店	130	g	gbd	gaobeidian	市	25
640	桥东	131	q	qd	qiaodong	区	1
641	桥西	131	q	qx	qiaoxi	区	2
642	宣化	131	x	xh	xuanhua	区	3
643	下花园	131	x	xhy	xiahuayuan	区	4
644	宣化	131	x	xh	xuanhua	县	5
645	张北	131	z	zb	zhangbei	县	6
646	康保	131	k	kb	kangbao	县	7
647	沽源	131	g	gy	guyuan	县	8
648	尚义	131	s	sy	shangyi	县	9
649	蔚县	131	y	yx	yuxian		10
650	阳原	131	y	yy	yangyuan	县	11
651	怀安	131	h	ha	huaian	县	12
652	万全	131	w	wq	wanquan	县	13
653	怀来	131	h	hl	huailai	县	14
654	涿鹿	131	z	zl	zhuolu	县	15
655	赤城	131	c	cc	chicheng	县	16
656	崇礼	131	c	cl	chongli	县	17
657	双桥	132	s	sq	shuangqiao	区	1
658	双滦	132	s	sl	shuangluan	区	2
659	鹰手营子	132	y	ysyz	yingshouyingzi	区	3
660	承德	132	c	cd	chengde	县	4
661	兴隆	132	x	xl	xinglong	县	5
662	平泉	132	p	pq	pingquan	县	6
663	滦平	132	l	lp	luanping	县	7
664	隆化	132	l	lh	longhua	县	8
665	丰宁	132	f	fn	fengning	自治县	9
666	宽城	132	k	kc	kuancheng	自治县	10
667	围场	132	w	wc	weichang	自治县	11
668	新华	133	x	xh	xinhua	区	1
669	运河	133	y	yh	yunhe	区	2
670	沧县	133	c	cx	cangxian		3
671	青县	133	q	qx	qingxian		4
672	东光	133	d	dg	dongguang	县	5
673	海兴	133	h	hx	haixing	县	6
674	盐山	133	y	ys	yanshan	县	7
675	肃宁	133	s	sn	suning	县	8
676	南皮	133	n	np	nanpi	县	9
677	吴桥	133	w	wq	wuqiao	县	10
678	献县	133	x	xx	xianxian		11
679	孟村	133	m	mc	mengcun	自治县	12
680	泊头	133	b	bt	botou	市	13
681	任丘	133	r	rq	renqiu	市	14
682	黄骅	133	h	hh	huanghua	市	15
683	河间	133	h	hj	hejian	市	16
684	安次	134	a	ac	anci	区	1
685	广阳	134	g	gy	guangyang	区	2
686	固安	134	g	ga	guan	县	3
687	永清	134	y	yq	yongqing	县	4
688	香河	134	x	xh	xianghe	县	5
689	大城	134	d	dc	dacheng	县	6
690	文安	134	w	wa	wenan	县	7
691	大厂	134	d	dc	dachang	自治县	8
692	霸州	134	b	bz	bazhou	市	9
693	三河	134	s	sh	sanhe	市	10
694	桃城	135	t	tc	taocheng	区	1
695	枣强	135	z	zq	zaoqiang	县	2
696	武邑	135	w	wy	wuyi	县	3
697	武强	135	w	wq	wuqiang	县	4
698	饶阳	135	r	ry	raoyang	县	5
699	安平	135	a	ap	anping	县	6
700	故城	135	g	gc	gucheng	县	7
701	景县	135	j	jx	jingxian		8
702	阜城	135	f	fc	fucheng	县	9
703	冀州	135	j	jz	jizhou	市	10
704	深州	135	s	sz	shenzhou	市	11
705	小店	136	x	xd	xiaodian	区	1
706	迎泽	136	y	yz	yingze	区	2
707	杏花岭	136	x	xhl	xinghualing	区	3
708	尖草坪	136	j	jcp	jiancaoping	区	4
709	万柏林	136	w	wbl	wanbolin	区	5
710	晋源	136	j	jy	jinyuan	区	6
711	清徐	136	q	qx	qingxu	县	7
712	阳曲	136	y	yq	yangqu	县	8
713	娄烦	136	l	lf	loufan	县	9
714	古交	136	g	gj	gujiao	市	10
715	城区	137	c	cq	chengqu		1
716	矿区	137	k	kq	kuangqu		2
717	南郊	137	n	nj	nanjiao	区	3
718	新荣	137	x	xr	xinrong	区	4
719	阳高	137	y	yg	yanggao	县	5
720	天镇	137	t	tz	tianzhen	县	6
721	广灵	137	g	gl	guangling	县	7
722	灵丘	137	l	lq	lingqiu	县	8
723	浑源	137	h	hy	hunyuan	县	9
724	左云	137	z	zy	zuoyun	县	10
725	大同	137	d	dt	datong	县	11
726	城区	138	c	cq	chengqu		1
727	矿区	138	k	kq	kuangqu		2
728	郊区	138	j	jq	jiaoqu		3
729	平定	138	p	pd	pingding	县	4
730	盂县	138	y	yx	yuxian		5
731	城区	139	c	cq	chengqu		1
732	郊区	139	j	jq	jiaoqu		2
733	长治	139	z	zz	zhangzhi	县	3
734	襄垣	139	x	xy	xiangyuan	县	4
735	屯留	139	t	tl	tunliu	县	5
736	平顺	139	p	ps	pingshun	县	6
737	黎城	139	l	lc	licheng	县	7
738	壶关	139	h	hg	huguan	县	8
739	长子	139	z	zz	zhangzi	县	9
740	武乡	139	w	wx	wuxiang	县	10
741	沁县	139	q	qx	qinxian		11
742	沁源	139	q	qy	qinyuan	县	12
743	潞城	139	l	lc	lucheng	县	13
744	城区	140	c	cq	chengqu		1
745	沁水	140	q	qs	qinshui	县	2
746	阳城	140	y	yc	yangcheng	县	3
747	陵川	140	l	lc	lingchuan	县	4
748	泽州	140	z	zz	zezhou	县	5
749	高平	140	g	gp	gaoping	市	6
750	朔城	141	s	sc	shuocheng	区	1
751	平鲁	141	p	pl	pinglu	区	2
752	山阴	141	s	sy	shanyin	县	3
753	应县	141	y	yx	yingxian		4
754	右玉	141	y	yy	youyu	县	5
755	怀仁	141	h	hr	huairen	县	6
756	榆次	142	y	yc	yuci	区	1
757	榆社	142	y	ys	yushe	县	2
758	左权	142	z	zq	zuoquan	县	3
759	和顺	142	h	hs	heshun	县	4
760	昔阳	142	x	xy	xiyang	县	5
761	寿阳	142	s	sy	shouyang	县	6
762	太谷	142	t	tg	taigu	县	7
763	祁县	142	q	qx	qixian		8
764	平遥	142	p	py	pingyao	县	9
765	灵石	142	l	ls	lingshi	县	10
766	介休	142	j	jx	jiexiu	市	11
767	盐湖	143	y	yh	yanhu	区	1
768	临猗	143	l	ly	linyi	县	2
769	万荣	143	w	wr	wanrong	县	3
770	闻喜	143	w	wx	wenxi	县	4
771	稷山	143	j	js	jishan	县	5
772	新绛	143	x	xj	xinjiang	县	6
773	绛县	143	j	jx	jiangxian		7
774	垣曲	143	y	yq	yuanqu	县	8
775	夏县	143	x	xx	xiaxian		9
776	平陆	143	p	pl	pinglu	县	10
777	芮城	143	r	rc	ruicheng	县	11
778	永济	143	y	yj	yongji	市	12
779	河津	143	h	hj	hejin	市	13
780	忻府	144	x	xf	xinfu	区	1
781	定襄	144	d	dx	dingxiang	县	2
782	五台	144	w	wt	wutai	县	3
783	代县	144	d	dx	daixian		4
784	繁峙	144	f	fz	fanzhi	县	5
785	宁武	144	n	nw	ningwu	县	6
786	静乐	144	j	jl	jingle	县	7
787	神池	144	s	sc	shenchi	县	8
788	五寨	144	w	wz	wuzhai	县	9
789	岢岚	144	k	kl	kelan	县	10
790	河曲	144	h	hq	hequ	县	11
791	保德	144	b	bd	baode	县	12
792	偏关	144	p	pg	pianguan	县	13
793	原平	144	y	yp	yuanping	市	14
794	尧都	145	y	yd	yaodou	区	1
795	曲沃	145	q	qw	quwo	县	2
796	翼城	145	y	yc	yicheng	县	3
797	襄汾	145	x	xf	xiangfen	县	4
798	洪洞	145	h	hd	hongdong	县	5
799	古县	145	g	gx	guxian		6
800	安泽	145	a	az	anze	县	7
801	浮山	145	f	fs	fushan	县	8
802	吉县	145	j	jx	jixian		9
803	乡宁	145	x	xn	xiangning	县	10
804	大宁	145	d	dn	daning	县	11
805	隰县	145	x	xx	xixian		12
806	永和	145	y	yh	yonghe	县	13
807	蒲县	145	p	px	puxian		14
808	汾西	145	f	fx	fenxi	县	15
809	侯马	145	h	hm	houma	市	16
810	霍州	145	h	hz	huozhou	市	17
811	离石	146	l	ls	lishi	区	1
812	文水	146	w	ws	wenshui	县	2
813	交城	146	j	jc	jiaocheng	县	3
814	兴县	146	x	xx	xingxian		4
815	临县	146	l	lx	linxian		5
816	柳林	146	l	ll	liulin	县	6
817	石楼	146	s	sl	shilou	县	7
818	岚县	146	l	lx	lanxian		8
819	方山	146	f	fs	fangshan	县	9
820	中阳	146	z	zy	zhongyang	县	10
821	交口	146	j	jk	jiaokou	县	11
822	孝义	146	x	xy	xiaoyi	市	12
823	汾阳	146	f	fy	fenyang	市	13
824	新城	147	x	xc	xincheng	区	1
825	回民	147	h	hm	huimin	区	2
826	玉泉	147	y	yq	yuquan	区	3
827	赛罕	147	s	sh	saihan	区	4
828	土默特左	147	t	tmtz	tumotezuo	旗	5
829	托克托	147	t	tkt	tuoketuo	县	6
830	和林格尔	147	h	hlge	helingeer	县	7
831	清水河	147	q	qsh	qingshuihe	县	8
832	武川	147	w	wc	wuchuan	县	9
833	东河	148	d	dh	donghe	区	1
834	昆都仑	148	k	kdl	kundoulun	区	2
835	青山	148	q	qs	qingshan	区	3
836	石拐	148	s	sg	shiguai	区	4
837	白云	148	b	by	baiyun	区	5
838	九原	148	j	jy	jiuyuan	区	6
839	土默特右	148	t	tmty	tumoteyou	旗	7
840	固阳	148	g	gy	guyang	县	8
841	达尔罕茂明安	148	d	dehmma	daerhanmaomingan	旗	9
842	海勃湾	149	h	hbw	haibowan	区	1
843	海南	149	h	hn	hainan	区	2
844	乌达	149	w	wd	wuda	区	3
845	红山	150	h	hs	hongshan	区	1
846	元宝山	150	y	ybs	yuanbaoshan	区	2
847	松山	150	s	ss	songshan	区	3
848	阿鲁科尔沁	150	a	alkeq	alukeerqin	旗	4
849	巴林左	150	b	blz	balinzuo	旗	5
850	巴林右	150	b	bly	balinyou	旗	6
851	林西	150	l	lx	linxi	县	7
852	克什克腾	150	k	kskt	keshenketeng	旗	8
853	翁牛特	150	w	wnt	wengniute	旗	9
854	喀喇沁	150	k	klq	kalaqin	旗	10
855	宁城	150	n	nc	ningcheng	县	11
856	敖汉	150	a	ah	aohan	旗	12
857	科尔沁	151	k	keq	keerqin	区	1
858	科尔沁左翼中	151	k	keqzyz	keerqinzuoyizhong	旗	2
859	科尔沁左翼后	151	k	keqzyh	keerqinzuoyihou	旗	3
860	开鲁	151	k	kl	kailu	县	4
861	库伦	151	k	kl	kulun	旗	5
862	奈曼	151	n	nm	naiman	旗	6
863	扎鲁特	151	z	zlt	zhalute	旗	7
864	霍林郭勒	151	h	hlgl	huolinguole	市	8
865	东胜	152	d	ds	dongsheng	区	1
866	达拉特	152	d	dlt	dalate	旗	2
867	准格尔	152	z	zge	zhungeer	旗	3
868	鄂托克前	152	e	etkq	etuokeqian	旗	4
869	鄂托克	152	e	etk	etuoke	旗	5
870	杭锦	152	h	hj	hangjin	旗	6
871	乌审	152	w	ws	wushen	旗	7
872	伊金霍洛	152	y	yjhl	yijinhuoluo	旗	8
873	海拉尔	153	h	hle	hailaer	区	1
874	阿荣	153	a	ar	arong	旗	2
875	莫力达瓦	153	m	mldw	molidawa	自治旗	3
876	鄂伦春	153	e	elc	elunchun	自治旗	4
877	鄂温克族	153	e	ewkz	ewenkezu	自治旗	5
878	陈巴尔虎	153	c	cbeh	chenbaerhu	旗	6
879	新巴尔虎左	153	x	xbehz	xinbaerhuzuo	旗	7
880	新巴尔虎右	153	x	xbehy	xinbaerhuyou	旗	8
881	满洲里	153	m	mzl	manzhouli	市	9
882	牙克石	153	y	yks	yakeshi	市	10
883	扎兰屯	153	z	zlt	zhalantun	市	11
884	额尔古纳	153	e	eegn	eerguna	市	12
885	根河	153	g	gh	genhe	市	13
886	临河	154	l	lh	linhe	区	1
887	五原	154	w	wy	wuyuan	县	2
888	磴口	154	d	dk	dengkou	县	3
889	乌拉特前	154	w	wltq	wulateqian	旗	4
890	乌拉特中	154	w	wltz	wulatezhong	旗	5
891	乌拉特后	154	w	wlth	wulatehou	旗	6
892	杭锦后	154	h	hjh	hangjinhou	旗	7
893	集宁	155	j	jn	jining	区	1
894	卓资	155	z	zz	zhuozi	县	2
895	化德	155	h	hd	huade	县	3
896	商都	155	s	sd	shangdou	县	4
897	兴和	155	x	xh	xinghe	县	5
898	凉城	155	l	lc	liangcheng	县	6
899	察哈尔右翼前	155	c	cheyyq	chahaeryouyiqian	旗	7
900	察哈尔右翼中	155	c	cheyyz	chahaeryouyizhong	旗	8
901	察哈尔右翼后	155	c	cheyyh	chahaeryouyihou	旗	9
902	四子王	155	s	szw	siziwang	旗	10
903	丰镇	155	f	fz	fengzhen	市	11
904	乌兰浩特	156	w	wlht	wulanhaote	市	1
905	阿尔山	156	a	aes	aershan	市	2
906	科尔沁右翼前	156	k	keqyyq	keerqinyouyiqian	旗	3
907	科尔沁右翼中	156	k	keqyyz	keerqinyouyizhong	旗	4
908	扎赉特	156	z	zlt	zhalaite	旗	5
909	突泉	156	t	tq	tuquan	县	6
910	二连浩特	157	e	elht	erlianhaote	市	1
911	锡林浩特	157	x	xlht	xilinhaote	市	2
912	阿巴嘎	157	a	abg	abaga	旗	3
913	苏尼特左	157	s	sntz	sunitezuo	旗	4
914	苏尼特右	157	s	snty	suniteyou	旗	5
915	东乌珠穆沁	157	d	dwzmq	dongwuzhumuqin	旗	6
916	西乌珠穆沁	157	x	xwzmq	xiwuzhumuqin	旗	7
917	太仆寺	157	t	tps	taipusi	旗	8
918	镶黄	157	x	xh	xianghuang	旗	9
919	正镶白	157	z	zxb	zhengxiangbai	旗	10
920	正蓝	157	z	zl	zhenglan	旗	11
921	多伦	157	d	dl	duolun	县	12
922	阿拉善左	158	a	alsz	alashanzuo	旗	1
923	阿拉善右	158	a	alsy	alashanyou	旗	2
924	额济纳	158	e	ejn	ejina	旗	3
925	和平	159	h	hp	heping	区	1
926	沈河	159	s	sh	shenhe	区	2
927	大东	159	d	dd	dadong	区	3
928	皇姑	159	h	hg	huanggu	区	4
929	铁西	159	t	tx	tiexi	区	5
930	苏家屯	159	s	sjt	sujiatun	区	6
931	东陵	159	d	dl	dongling	区	7
932	沈北新区	159	s	sbxq	shenbeixinqu		8
933	于洪	159	y	yh	yuhong	区	9
934	辽中	159	l	lz	liaozhong	县	10
935	康平	159	k	kp	kangping	县	11
936	法库	159	f	fk	faku	县	12
937	新民	159	x	xm	xinmin	市	13
938	中山	160	z	zs	zhongshan	区	1
939	西岗	160	x	xg	xigang	区	2
940	沙河口	160	s	shk	shahekou	区	3
941	甘井子	160	g	gjz	ganjingzi	区	4
942	旅顺口	160	l	lsk	lu:shunkou	区	5
943	金州	160	j	jz	jinzhou	区	6
944	长海	160	z	zh	zhanghai	县	7
945	瓦房店	160	w	wfd	wafangdian	市	8
946	普兰店	160	p	pld	pulandian	市	9
947	庄河	160	z	zh	zhuanghe	市	10
948	铁东	161	t	td	tiedong	区	1
949	铁西	161	t	tx	tiexi	区	2
950	立山	161	l	ls	lishan	区	3
951	千山	161	q	qs	qianshan	区	4
952	台安	161	t	ta	taian	县	5
953	岫岩	161	x	xy	xiuyan	自治县	6
954	海城	161	h	hc	haicheng	市	7
955	新抚	162	x	xf	xinfu	区	1
956	东洲	162	d	dz	dongzhou	区	2
957	望花	162	w	wh	wanghua	区	3
958	顺城	162	s	sc	shuncheng	区	4
959	抚顺	162	f	fs	fushun	县	5
960	新宾	162	x	xb	xinbin	自治县	6
961	清原	162	q	qy	qingyuan	自治县	7
962	平山	163	p	ps	pingshan	区	1
963	溪湖	163	x	xh	xihu	区	2
964	明山	163	m	ms	mingshan	区	3
965	南芬	163	n	nf	nanfen	区	4
966	本溪	163	b	bx	benxi	自治县	5
967	桓仁	163	h	hr	huanren	自治县	6
968	元宝	164	y	yb	yuanbao	区	1
969	振兴	164	z	zx	zhenxing	区	2
970	振安	164	z	za	zhenan	区	3
971	宽甸	164	k	kd	kuandian	自治县	4
972	东港	164	d	dg	donggang	市	5
973	凤城	164	f	fc	fengcheng	市	6
974	古塔	165	g	gt	guta	区	1
975	凌河	165	l	lh	linghe	区	2
976	太和	165	t	th	taihe	区	3
977	黑山	165	h	hs	heishan	县	4
978	义县	165	y	yx	yixian		5
979	凌海	165	l	lh	linghai	市	6
980	北镇	165	b	bz	beizhen	市	7
981	站前	166	z	zq	zhanqian	区	1
982	西市	166	x	xs	xishi	区	2
983	鲅鱼圈	166	b	byq	bayuquan	区	3
984	老边	166	l	lb	laobian	区	4
985	盖州	166	g	gz	gaizhou	市	5
986	大石桥	166	d	dsq	dashiqiao	市	6
987	海州	167	h	hz	haizhou	区	1
988	新邱	167	x	xq	xinqiu	区	2
989	太平	167	t	tp	taiping	区	3
990	清河门	167	q	qhm	qinghemen	区	4
991	细河	167	x	xh	xihe	区	5
992	阜新	167	f	fx	fuxin	自治县	6
993	彰武	167	z	zw	zhangwu	县	7
994	白塔	168	b	bt	baita	区	1
995	文圣	168	w	ws	wensheng	区	2
996	宏伟	168	h	hw	hongwei	区	3
997	弓长岭	168	g	gzl	gongzhangling	区	4
998	辽阳	168	l	ly	liaoyang	县	5
999	灯塔	168	d	dt	dengta	市	6
1000	太子河	168	t	tzh	taizihe	区	7
