1	北京	0	b	bj	beijing		市	110000	010	1
2	天津	0	t	tj	tianjin		市	120000	022	2
3	上海	0	s	sh	shanghai		市	310000	021	3
4	重庆	0	z	zq	zhongqing		市	500000	023	4
5	河北	0	h	hb	hebei		省	130000		5
6	山西	0	s	sx	shanxi		省	140000		6
7	内蒙古	0	n	nmg	neimenggu		自治区	150000		7
8	辽宁	0	l	ln	liaoning		省	210000		8
9	吉林	0	j	jl	jilin		省	220000		9
10	黑龙江	0	h	hlj	heilongjiang		省	230000		10
11	江苏	0	j	js	jiangsu		省	320000		11
12	浙江	0	z	zj	zhejiang		省	330000		12
13	安徽	0	a	ah	anhui		省	340000		13
14	福建	0	f	fj	fujian		省	350000		14
15	江西	0	j	jx	jiangxi		省	360000		15
16	山东	0	s	sd	shandong		省	370000		16
17	河南	0	h	hn	henan		省	410000		17
18	湖北	0	h	hb	hubei		省	420000		18
19	湖南	0	h	hn	hunan		省	430000		19
20	广东	0	g	gd	guangdong		省	440000		20
21	广西	0	g	gx	guangxi	壮族	自治区	450000		21
22	海南	0	h	hn	hainan		省	460000		22
23	四川	0	s	sc	sichuan		省	510000		23
24	贵州	0	g	gz	guizhou		省	520000		24
25	云南	0	y	yn	yunnan		省	530000		25
26	西藏	0	x	xz	xizang		自治区	540000		26
27	陕西	0	s	sx	shanxi		省	610000		27
28	甘肃	0	g	gs	gansu		省	620000		28
29	青海	0	q	qh	qinghai		省	630000		29
30	宁夏	0	n	nx	ningxia	回族	自治区	640000		30
31	新疆	0	x	xj	xinjiang	维吾尔	自治区	650000		31
32	台湾	0	t	tw	taiwan		省	710000		32
33	香港	0	x	xg	xianggang		特别行政区	810000	852	33
34	澳门	0	a	am	aomen		特别行政区	820000	853	34
35	海外	0	h	hw	haiwai					35
36	东城	1	d	dc	dongcheng		区	110101	010	1
37	西城	1	x	xc	xicheng		区	110102	010	2
38	崇文	1	c	cw	chongwen		区	110103	010	3
39	宣武	1	x	xw	xuanwu		区	110104	010	4
40	朝阳	1	c	cy	chaoyang		区	110105	010	5
41	丰台	1	f	ft	fengtai		区	110106	010	6
42	石景山	1	s	sjs	shijingshan		区	110107	010	7
43	海淀	1	h	hd	haidian		区	110108	010	8
44	门头沟	1	m	mtg	mentougou		区	110109	010	9
45	房山	1	f	fs	fangshan		区	110111	010	10
46	通州	1	t	tz	tongzhou		区	110112	010	11
47	顺义	1	s	sy	shunyi		区	110113	010	12
48	昌平	1	c	cp	changping		区	110114	010	13
49	大兴	1	d	dx	daxing		区	110115	010	14
50	怀柔	1	h	hr	huairou		区	110116	010	15
51	平谷	1	p	pg	pinggu		区	110117	010	16
52	密云	1	m	my	miyun		县	110228	010	17
53	延庆	1	y	yq	yanqing		县	110229	010	18
54	和平	2	h	hp	heping		区	120101	022	1
55	河东	2	h	hd	hedong		区	120102	022	2
56	河西	2	h	hx	hexi		区	120103	022	3
57	南开	2	n	nk	nankai		区	120104	022	4
58	河北	2	h	hb	hebei		区	120105	022	5
59	红桥	2	h	hq	hongqiao		区	120106	022	6
60	东丽	2	d	dl	dongli		区	120110	022	7
61	西青	2	x	xq	xiqing		区	120111	022	8
62	津南	2	j	jn	jinnan		区	120112	022	9
63	北辰	2	b	bc	beichen		区	120113	022	10
64	武清	2	w	wq	wuqing		区	120114	022	11
65	宝坻	2	b	bc	baochi		区	120115	022	12
66	滨海新区	2	b	bhxq	binhaixinqu			120116	022	13
67	宁河	2	n	nh	ninghe		县	120221	022	14
68	蓟县	2	j	jx	jixian			120223	022	15
69	静海	2	j	jh	jinghai		县	120225	022	16
70	黄浦	3	h	hp	huangpu		区	310101	021	1
71	徐汇	3	x	xh	xuhui		区	310104	021	2
72	长宁	3	z	zn	zhangning		区	310105	021	3
73	静安	3	j	ja	jingan		区	310106	021	4
74	普陀	3	p	pt	putuo		区	310107	021	5
75	闸北	3	z	zb	zhabei		区	310108	021	6
76	虹口	3	h	hk	hongkou		区	310109	021	7
77	杨浦	3	y	yp	yangpu		区	310110	021	8
78	闵行	3	m	mx	minxing		区	310112	021	9
79	宝山	3	b	bs	baoshan		区	310113	021	10
80	嘉定	3	j	jd	jiading		区	310114	021	11
81	浦东新区	3	p	pdxq	pudongxinqu			310115	021	12
82	金山	3	j	js	jinshan		区	310116	021	13
83	松江	3	s	sj	songjiang		区	310117	021	14
84	青浦	3	q	qp	qingpu		区	310118	021	15
85	奉贤	3	f	fx	fengxian		区	310120	021	16
86	崇明	3	c	cm	chongming		县	310230	021	17
87	万州	4	w	wz	wanzhou		区	500101	023	1
88	涪陵	4	f	fl	fuling		区	500102	023	2
89	渝中	4	y	yz	yuzhong		区	500103	023	3
90	大渡口	4	d	ddk	dadukou		区	500104	023	4
91	江北	4	j	jb	jiangbei		区	500105	023	5
92	沙坪坝	4	s	spb	shapingba		区	500106	023	6
93	九龙坡	4	j	jlp	jiulongpo		区	500107	023	7
94	南岸	4	n	na	nanan		区	500108	023	8
95	北碚	4	b	bb	beibei		区	500109	023	9
96	綦江	4	q	qj	qijiang		区	500110	023	10
97	大足	4	d	dz	dazu		区	500111	023	11
98	渝北	4	y	yb	yubei		区	500112	023	12
99	巴南	4	b	bn	banan		区	500113	023	13
100	黔江	4	q	qj	qianjiang		区	500114	023	14
101	长寿	4	z	zs	zhangshou		区	500115	023	15
102	江津	4	j	jj	jiangjin		区	500116	023	16
103	合川	4	h	hc	hechuan		区	500117	023	17
104	永川	4	y	yc	yongchuan		区	500118	023	18
105	南川	4	n	nc	nanchuan		区	500119	023	19
106	潼南	4	t	tn	tongnan		县	500223	023	22
107	铜梁	4	t	tl	tongliang		区	500151	023	21
108	荣昌	4	r	rc	rongchang		县	500226	023	23
109	璧山	4	b	bs	bishan		区	500120	023	20
110	梁平	4	l	lp	liangping		县	500228	023	24
111	城口	4	c	ck	chengkou		县	500229	023	25
112	丰都	4	f	fd	fengdou		县	500230	023	26
113	垫江	4	d	dj	dianjiang		县	500231	023	27
114	武隆	4	w	wl	wulong		县	500232	023	28
115	忠县	4	z	zx	zhongxian			500233	023	29
116	开县	4	k	kx	kaixian			500234	023	30
117	云阳	4	y	yy	yunyang		县	500235	023	31
118	奉节	4	f	fj	fengjie		县	500236	023	32
119	巫山	4	w	ws	wushan		县	500237	023	33
120	巫溪	4	w	wx	wuxi		县	500238	023	34
121	石柱	4	s	sz	shizhu	土家族	自治县	500240	023	35
122	秀山	4	x	xs	xiushan	土家族苗族	自治县	500241	023	36
123	酉阳	4	y	yy	youyang	土家族苗族	自治县	500242	023	37
124	彭水	4	p	ps	pengshui	苗族土家族	自治县	500243	023	38
125	石家庄	5	s	sjz	shijiazhuang		市	130100	0311	1
126	唐山	5	t	ts	tangshan		市	130200	0315	2
127	秦皇岛	5	q	qhd	qinhuangdao		市	130300	0335	3
128	邯郸	5	h	hd	handan		市	130400	0310	4
129	邢台	5	x	xt	xingtai		市	130500	0319	5
130	保定	5	b	bd	baoding		市	130600	0312	6
131	张家口	5	z	zjk	zhangjiakou		市	130700	0313	7
132	承德	5	c	cd	chengde		市	130800	0314	8
133	沧州	5	c	cz	cangzhou		市	130900	0317	9
134	廊坊	5	l	lf	langfang		市	131000	0316	10
135	衡水	5	h	hs	hengshui		市	131100	0318	11
136	太原	6	t	ty	taiyuan		市	140100	0351	1
137	大同	6	d	dt	datong		市	140200	0352	2
138	阳泉	6	y	yq	yangquan		市	140300	0353	3
139	长治	6	z	zz	zhangzhi		市	140400	0355	4
140	晋城	6	j	jc	jincheng		市	140500	0356	5
141	朔州	6	s	sz	shuozhou		市	140600	0349	6
142	晋中	6	j	jz	jinzhong		市	140700	0354	7
143	运城	6	y	yc	yuncheng		市	140800	0359	8
144	忻州	6	x	xz	xinzhou		市	140900	0350	9
145	临汾	6	l	lf	linfen		市	141000	0357	10
146	吕梁	6	l	ll	lu:liang		市	141100	0358	11
147	呼和浩特	7	h	hhht	huhehaote		市	150100	0471	1
148	包头	7	b	bt	baotou		市	150200	0472	2
149	乌海	7	w	wh	wuhai		市	150300	0473	3
150	赤峰	7	c	cf	chifeng		市	150400	0476	4
151	通辽	7	t	tl	tongliao		市	150500	0475	5
152	鄂尔多斯	7	e	eeds	eerduosi		市	150600	0477	6
153	呼伦贝尔	7	h	hlbe	hulunbeier		市	150700	0470	7
154	巴彦淖尔	7	b	byne	bayannaoer		市	150800	0478	8
155	乌兰察布	7	w	wlcb	wulanchabu		市	150900	0474	9
156	兴安	7	x	xa	xingan		盟	152200	0482	10
157	锡林郭勒	7	x	xlgl	xilinguole		盟	152500	0479	11
158	阿拉善	7	a	als	alashan		盟	152900	0483	12
159	沈阳	8	s	sy	shenyang		市	210100	024	1
160	大连	8	d	dl	dalian		市	210200	0411	2
161	鞍山	8	a	as	anshan		市	210300	0412	3
162	抚顺	8	f	fs	fushun		市	210400	0413	4
163	本溪	8	b	bx	benxi		市	210500	0414	5
164	丹东	8	d	dd	dandong		市	210600	0415	6
165	锦州	8	j	jz	jinzhou		市	210700	0416	7
166	营口	8	y	yk	yingkou		市	210800	0417	8
167	阜新	8	f	fx	fuxin		市	210900	0418	9
168	辽阳	8	l	ly	liaoyang		市	211000	0419	10
169	盘锦	8	p	pj	panjin		市	211100	0427	11
170	铁岭	8	t	tl	tieling		市	211200	0410	12
171	朝阳	8	c	cy	chaoyang		市	211300	0421	13
172	葫芦岛	8	h	hld	huludao		市	211400	0429	14
173	长春	9	z	zc	zhangchun		市	220100	0431	1
174	吉林	9	j	jl	jilin		市	220200	0432	2
175	四平	9	s	sp	siping		市	220300	0434	3
176	辽源	9	l	ly	liaoyuan		市	220400	0437	4
177	通化	9	t	th	tonghua		市	220500	0435	5
178	白山	9	b	bs	baishan		市	220600	0439	6
179	松原	9	s	sy	songyuan		市	220700	0438	7
180	白城	9	b	bc	baicheng		市	220800	0436	8
181	延边	9	y	yb	yanbian	朝鲜族	自治州	222400	0433	9
182	哈尔滨	10	h	heb	haerbin		市	230100	0451	1
183	齐齐哈尔	10	q	qqhe	qiqihaer		市	230200	0452	2
184	鸡西	10	j	jx	jixi		市	230300	0467	3
185	鹤岗	10	h	hg	hegang		市	230400	0468	4
186	双鸭山	10	s	sys	shuangyashan		市	230500	0469	5
187	大庆	10	d	dq	daqing		市	230600	0459	6
188	伊春	10	y	yc	yichun		市	230700	0458	7
189	佳木斯	10	j	jms	jiamusi		市	230800	0454	8
190	七台河	10	q	qth	qitaihe		市	230900	0464	9
191	牡丹江	10	m	mdj	mudanjiang		市	231000	0453	10
192	黑河	10	h	hh	heihe		市	231100	0456	11
193	绥化	10	s	sh	suihua		市	231200	0455	12
194	大兴安岭	10	d	dxal	daxinganling		地区	232700	0457	13
195	南京	11	n	nj	nanjing		市	320100		1
196	无锡	11	w	wx	wuxi		市	320200	0510	2
197	徐州	11	x	xz	xuzhou		市	320300	0516	3
198	常州	11	c	cz	changzhou		市	320400	0519	4
199	苏州	11	s	sz	suzhou		市	320500	0512	5
200	南通	11	n	nt	nantong		市	320600	0513	6
201	连云港	11	l	lyg	lianyungang		市	320700	0518	7
202	淮安	11	h	ha	huaian		市	320800	0517	8
203	盐城	11	y	yc	yancheng		市	320900	0515	9
204	扬州	11	y	yz	yangzhou		市	321000	0514	10
205	镇江	11	z	zj	zhenjiang		市	321100	0511	11
206	泰州	11	t	tz	taizhou		市	321200	0523	12
207	宿迁	11	s	sq	suqian		市	321300	0527	13
208	杭州	12	h	hz	hangzhou		市	330100	0571	1
209	宁波	12	n	nb	ningbo		市	330200	0574	2
210	温州	12	w	wz	wenzhou		市	330300	0577	3
211	嘉兴	12	j	jx	jiaxing		市	330400	0573	4
212	湖州	12	h	hz	huzhou		市	330500	0572	5
213	绍兴	12	s	sx	shaoxing		市	330600	0575	6
214	金华	12	j	jh	jinhua		市	330700	0579	7
215	衢州	12	q	qz	quzhou		市	330800	0570	8
216	舟山	12	z	zs	zhoushan		市	330900	0580	9
217	台州	12	t	tz	taizhou		市	331000	0576	10
218	丽水	12	l	ls	lishui		市	331100	0578	11
219	合肥	13	h	hf	hefei		市	340100	0551	1
220	芜湖	13	w	wh	wuhu		市	340200	0553	2
221	蚌埠	13	b	bb	bangbu		市	340300	0552	3
222	淮南	13	h	hn	huainan		市	340400	0554	4
223	马鞍山	13	m	mas	maanshan		市	340500	0555	5
224	淮北	13	h	hb	huaibei		市	340600	0561	6
225	铜陵	13	t	tl	tongling		市	340700	0562	7
226	安庆	13	a	aq	anqing		市	340800	0556	8
227	黄山	13	h	hs	huangshan		市	341000	0559	9
228	滁州	13	c	cz	chuzhou		市	341100	0550	10
229	阜阳	13	f	fy	fuyang		市	341200	0558	11
230	宿州	13	s	sz	suzhou		市	341300	0557	12
231	六安	13	l	la	liuan		市	341500	0564	13
232	亳州	13	b	bz	bozhou		市	341600	0558	14
233	池州	13	c	cz	chizhou		市	341700	0566	15
234	宣城	13	x	xc	xuancheng		市	341800	0563	16
235	福州	14	f	fz	fuzhou		市	350100	0591	1
236	厦门	14	s	sm	shamen		市	350200	0592	2
237	莆田	14	p	pt	putian		市	350300	0594	3
238	三明	14	s	sm	sanming		市	350400	0598	4
239	泉州	14	q	qz	quanzhou		市	350500	0595	5
240	漳州	14	z	zz	zhangzhou		市	350600	0596	6
241	南平	14	n	np	nanping		市	350700	0599	7
242	龙岩	14	l	ly	longyan		市	350800	0597	8
243	宁德	14	n	nd	ningde		市	350900	0593	9
244	南昌	15	n	nc	nanchang		市	360100	0791	1
245	景德镇	15	j	jdz	jingdezhen		市	360200	0798	2
246	萍乡	15	p	px	pingxiang		市	360300	0799	3
247	九江	15	j	jj	jiujiang		市	360400	0792	4
248	新余	15	x	xy	xinyu		市	360500	0790	5
249	鹰潭	15	y	yt	yingtan		市	360600	0701	6
250	赣州	15	g	gz	ganzhou		市	360700	0797	7
251	吉安	15	j	ja	jian		市	360800	0796	8
252	宜春	15	y	yc	yichun		市	360900	0795	9
253	抚州	15	f	fz	fuzhou		市	361000	0794	10
254	上饶	15	s	sr	shangrao		市	361100	0793	11
255	济南	16	j	jn	jinan		市	370100	0531	1
256	青岛	16	q	qd	qingdao		市	370200	0532	2
257	淄博	16	z	zb	zibo		市	370300	0533	3
258	枣庄	16	z	zz	zaozhuang		市	370400	0632	4
259	东营	16	d	dy	dongying		市	370500	0546	5
260	烟台	16	y	yt	yantai		市	370600	0535	6
261	潍坊	16	w	wf	weifang		市	370700	0536	7
262	济宁	16	j	jn	jining		市	370800	0537	8
263	泰安	16	t	ta	taian		市	370900	0538	9
264	威海	16	w	wh	weihai		市	371000	0631	10
265	日照	16	r	rz	rizhao		市	371100	0633	11
266	莱芜	16	l	lw	laiwu		市	371200	0634	12
267	临沂	16	l	ly	linyi		市	371300	0539	13
268	德州	16	d	dz	dezhou		市	371400	0534	14
269	聊城	16	l	lc	liaocheng		市	371500	0635	15
270	滨州	16	b	bz	binzhou		市	371600	0543	16
271	菏泽	16	h	hz	heze		市	371700	0530	17
272	郑州	17	z	zz	zhengzhou		市	410100	0371	1
273	开封	17	k	kf	kaifeng		市	410200	0378	2
274	洛阳	17	l	ly	luoyang		市	410300	0376	3
275	平顶山	17	p	pds	pingdingshan		市	410400	0375	4
276	安阳	17	a	ay	anyang		市	410500	0372	5
277	鹤壁	17	h	hb	hebi		市	410600	0392	6
278	新乡	17	x	xx	xinxiang		市	410700	0373	7
279	焦作	17	j	jz	jiaozuo		市	410800	0391	8
280	濮阳	17	p	py	puyang		市	410900		9
281	许昌	17	x	xc	xuchang		市	411000	0374	10
282	漯河	17	l	lh	luohe		市	411100	0395	11
283	三门峡	17	s	smx	sanmenxia		市	411200	0398	12
284	南阳	17	n	ny	nanyang		市	411300	0377	13
285	商丘	17	s	sq	shangqiu		市	411400	0370	14
286	信阳	17	x	xy	xinyang		市	411500	0376	15
287	周口	17	z	zk	zhoukou		市	411600	0394	16
288	驻马店	17	z	zmd	zhumadian		市	411700	0396	17
289	济源	17	j	jy	jiyuan		市	419001	0391	18
290	武汉	18	w	wh	wuhan		市	420100	027	1
291	黄石	18	h	hs	huangshi		市	420200	0714	2
292	十堰	18	s	sy	shiyan		市	420300	0719	3
293	宜昌	18	y	yc	yichang		市	420500	0717	4
294	襄阳	18	x	xy	xiangyang		市	420600	0710	5
295	鄂州	18	e	ez	ezhou		市	420700		6
296	荆门	18	j	jm	jingmen		市	420800	0724	7
297	孝感	18	x	xg	xiaogan		市	420900	0712	8
298	荆州	18	j	jz	jingzhou		市	421000	0716	9
299	黄冈	18	h	hg	huanggang		市	421100	0713	10
300	咸宁	18	x	xn	xianning		市	421200	0715	11
301	随州	18	s	sz	suizhou		市	421300	0722	12
302	恩施	18	e	es	enshi	土家族苗族	自治州	422800	0718	13
303	仙桃	18	x	xt	xiantao		市	429004	0728	14
304	潜江	18	q	qj	qianjiang		市	429005	0728	15
305	天门	18	t	tm	tianmen		市	429006	0728	16
306	神农架林区	18	s	snjlq	shennongjialinqu			429021	0719	17
307	长沙	19	z	zs	zhangsha		市	430100	0731	1
308	株洲	19	z	zz	zhuzhou		市	430200	0731	2
309	湘潭	19	x	xt	xiangtan		市	430300	0731	3
310	衡阳	19	h	hy	hengyang		市	430400	0734	4
311	邵阳	19	s	sy	shaoyang		市	430500	0739	5
312	岳阳	19	y	yy	yueyang		市	430600	0730	6
313	常德	19	c	cd	changde		市	430700	0736	7
314	张家界	19	z	zjj	zhangjiajie		市	430800	0744	8
315	益阳	19	y	yy	yiyang		市	430900	0737	9
316	郴州	19	c	cz	chenzhou		市	431000	0735	10
317	永州	19	y	yz	yongzhou		市	431100	0746	11
318	怀化	19	h	hh	huaihua		市	431200	0745	12
319	娄底	19	l	ld	loudi		市	431300	0738	13
320	湘西	19	x	xx	xiangxi	土家族苗族	自治州	433100	0743	14
321	广州	20	g	gz	guangzhou		市	440100	020	1
322	韶关	20	s	sg	shaoguan		市	440200	0751	2
323	深圳	20	s	sz	shenzhen		市	440300	0755	3
324	珠海	20	z	zh	zhuhai		市	440400	0756	4
325	汕头	20	s	st	shantou		市	440500	0754	5
326	佛山	20	f	fs	foshan		市	440600	0757	6
327	江门	20	j	jm	jiangmen		市	440700	0750	7
328	湛江	20	z	zj	zhanjiang		市	440800	0759	8
329	茂名	20	m	mm	maoming		市	440900	0668	9
330	肇庆	20	z	zq	zhaoqing		市	441200	0758	10
331	惠州	20	h	hz	huizhou		市	441300	0752	11
332	梅州	20	m	mz	meizhou		市	441400	0753	12
333	汕尾	20	s	sw	shanwei		市	441500	0660	13
334	河源	20	h	hy	heyuan		市	441600	0762	14
335	阳江	20	y	yj	yangjiang		市	441700	0662	15
336	清远	20	q	qy	qingyuan		市	441800	0763	16
337	东莞	20	d	dg	dongguan		市	441900	0769	17
338	中山	20	z	zs	zhongshan		市	442000	0760	18
339	潮州	20	c	cz	chaozhou		市	445100	0768	19
340	揭阳	20	j	jy	jieyang		市	445200	0663	20
341	云浮	20	y	yf	yunfu		市	445300	0766	21
342	南宁	21	n	nn	nanning		市	450100	0771	1
343	柳州	21	l	lz	liuzhou		市	450200	0772	2
344	桂林	21	g	gl	guilin		市	450300	0773	3
345	梧州	21	w	wz	wuzhou		市	450400	0774	4
346	北海	21	b	bh	beihai		市	450500	0779	5
347	防城港	21	f	fcg	fangchenggang		市	450600	0770	6
348	钦州	21	q	qz	qinzhou		市	450700	0777	7
349	贵港	21	g	gg	guigang		市	450800	0775	8
350	玉林	21	y	yl	yulin		市	450900	0775	9
351	百色	21	b	bs	baise		市	451000	0776	10
352	贺州	21	h	hz	hezhou		市	451100	0774	11
353	河池	21	h	hc	hechi		市	451200	0778	12
354	来宾	21	l	lb	laibin		市	451300	0772	13
355	崇左	21	c	cz	chongzuo		市	451400	0771	14
356	海口	22	h	hk	haikou		市	460100	0898	1
357	三亚	22	s	sy	sanya		市	460200	0898	2
358	三沙	22	s	ss	sansha		市	460300	0898	3
359	五指山	22	w	wzs	wuzhishan		市	469001	0898	4
360	琼海	22	q	qh	qionghai		市	469002	0898	5
361	儋州	22	d	dz	danzhou		市	460400	0898	6
362	文昌	22	w	wc	wenchang		市	469005	0898	7
363	万宁	22	w	wn	wanning		市	469006	0898	8
364	东方	22	d	df	dongfang		市	469007	0898	9
365	定安	22	d	da	dingan		县	469025	0898	10
366	屯昌	22	t	tc	tunchang		县	469026	0898	11
367	澄迈	22	c	cm	chengmai		县	469027	0898	12
368	临高	22	l	lg	lingao		县	469028	0898	13
369	白沙	22	b	bs	baisha	黎族	自治县	469030	0898	14
370	昌江	22	c	cj	changjiang	黎族	自治县	469031	0898	15
371	乐东	22	l	ld	ledong	黎族	自治县	469033	0898	16
372	陵水	22	l	ls	lingshui	黎族	自治县	469034	0898	17
373	保亭	22	b	bt	baoting	黎族苗族	自治县	469035	0898	18
374	琼中	22	q	qz	qiongzhong	黎族苗族	自治县	469036	0898	19
375	成都	23	c	cd	chengdou		市	510100	028	1
376	自贡	23	z	zg	zigong		市	510300	0813	2
377	攀枝花	23	p	pzh	panzhihua		市	510400	0812	3
378	泸州	23	l	lz	luzhou		市	510500	0830	4
379	德阳	23	d	dy	deyang		市	510600	0838	5
380	绵阳	23	m	my	mianyang		市	510700	0816	6
381	广元	23	g	gy	guangyuan		市	510800	0839	7
382	遂宁	23	s	sn	suining		市	510900	0825	8
383	内江	23	n	nj	neijiang		市	511000		9
384	乐山	23	l	ls	leshan		市	511100	0833	10
385	南充	23	n	nc	nanchong		市	511300	0817	11
386	眉山	23	m	ms	meishan		市	511400	028	12
387	宜宾	23	y	yb	yibin		市	511500	0831	13
388	广安	23	g	ga	guangan		市	511600	0826	14
389	达州	23	d	dz	dazhou		市	511700	0818	15
390	雅安	23	y	ya	yaan		市	511800	0835	16
391	巴中	23	b	bz	bazhong		市	511900	0827	17
392	资阳	23	z	zy	ziyang		市	512000	028	18
393	阿坝	23	a	ab	aba	藏族羌族	自治州	513200	0837	19
394	甘孜	23	g	gz	ganzi	藏族	自治州	513300	0836	20
395	凉山	23	l	ls	liangshan	彝族	自治州	615000	0834	21
396	贵阳	24	g	gy	guiyang		市	520100	0851	1
397	六盘水	24	l	lps	liupanshui		市	520200	0858	2
398	遵义	24	z	zy	zunyi		市	520300	0852	3
399	安顺	24	a	as	anshun		市	520400	0853	4
400	毕节	24	b	bj	bijie		市	520500	0857	5
401	铜仁	24	t	tr	tongren		市	520600	0856	6
402	黔西南	24	q	qxn	qianxinan	布依族苗族	自治州	522300	0859	7
403	黔东南	24	q	qdn	qiandongnan	苗族侗族	自治州	522600	0855	8
404	黔南	24	q	qn	qiannan	布依族苗族	自治州	522700	0854	9
405	昆明	25	k	km	kunming		市	530100	0871	1
406	曲靖	25	q	qj	qujing		市	530300	0874	2
407	玉溪	25	y	yx	yuxi		市	530400	0877	3
408	昭通	25	z	zt	zhaotong		市	530600	0870	4
409	丽江	25	l	lj	lijiang		市	530700	0888	5
410	普洱	25	p	pe	puer		市	530800	0879	6
411	临沧	25	l	lc	lincang		市	530900	0883	7
412	楚雄	25	c	cx	chuxiong	彝族	自治州	532300	0878	8
413	红河	25	h	hh	honghe	哈尼族彝族	自治州	532500	0873	9
414	文山	25	w	ws	wenshan	壮族苗族	自治州	532600	0876	10
415	西双版纳	25	x	xsbn	xishuangbanna	傣族	自治州	532800	0691	11
416	大理	25	d	dl	dali	白族	自治州	532900	0872	12
417	德宏	25	d	dh	dehong	傣族景颇族	自治州	533100	0692	13
418	怒江	25	n	nj	nujiang	傈僳族	自治州	533300	0886	14
419	迪庆	25	d	dq	diqing	藏族	自治州	533400	0887	15
420	保山	25	b	bs	baoshan		市	678000	0875	16
421	拉萨	26	l	ls	lasa		市	540100	0891	1
422	昌都	26	c	cd	changdou		市	542100	0895	2
423	山南	26	s	sn	shannan		地区	542200	0893	3
424	日喀则	26	r	rkz	rikaze		市	542300	0892	4
425	那曲	26	n	nq	neiqu		地区	542400	0896	5
426	阿里	26	a	al	ali		地区	542500	0897	6
427	林芝	26	l	lz	linzhi		市	540400	0894	7
428	西安	27	x	xa	xian		市	610100	029	1
429	铜川	27	t	tc	tongchuan		市	610200	0919	2
430	宝鸡	27	b	bj	baoji		市	610300	0917	3
431	咸阳	27	x	xy	xianyang		市	610400	029	4
432	渭南	27	w	wn	weinan		市	610500	0913	5
433	延安	27	y	ya	yanan		市	610600	0911	6
434	汉中	27	h	hz	hanzhong		市	610700	0916	7
435	榆林	27	y	yl	yulin		市	610800	0912	8
436	安康	27	a	ak	ankang		市	610900	0915	9
437	商洛	27	s	sl	shangluo		市	611000	0914	10
438	兰州	28	l	lz	lanzhou		市	620100	0931	1
439	嘉峪关	28	j	jyg	jiayuguan		市	620200	0937	2
440	金昌	28	j	jc	jinchang		市	620300	0935	3
441	白银	28	b	by	baiyin		市	620400	0943	4
442	天水	28	t	ts	tianshui		市	620500	0938	5
443	武威	28	w	ww	wuwei		市	620600	0935	6
444	张掖	28	z	zy	zhangye		市	620700	0936	7
445	平凉	28	p	pl	pingliang		市	620800	0933	8
446	酒泉	28	j	jq	jiuquan		市	620900	0937	9
447	庆阳	28	q	qy	qingyang		市	621000	0934	10
448	定西	28	d	dx	dingxi		市	621100	0932	11
449	陇南	28	l	ln	longnan		市	621200	0939	12
450	临夏	28	l	lx	linxia	回族	自治州	622900	0930	13
451	甘南	28	g	gn	gannan	藏族	自治州	623000	0941	14
452	西宁	29	x	xn	xining		市	630100	0971	1
453	海东	29	h	hd	haidong		市	632100	0972	2
454	海北	29	h	hb	haibei	藏族	自治州	632200	0970	3
455	黄南	29	h	hn	huangnan	藏族	自治州	632300	0973	4
456	海南	29	h	hn	hainan	藏族	自治州	632500	0974	5
457	果洛	29	g	gl	guoluo	藏族	自治州	632600	0975	6
458	玉树	29	y	ys	yushu	藏族	自治州	632700	0976	7
459	海西	29	h	hx	haixi	蒙古族藏族	自治州	632800	0977	8
460	银川	30	y	yc	yinchuan		市	640100	0951	1
461	石嘴山	30	s	szs	shizuishan		市	640200	0952	2
462	吴忠	30	w	wz	wuzhong		市	640300	0953	3
463	固原	30	g	gy	guyuan		市	640400	0954	4
464	中卫	30	z	zw	zhongwei		市	640500		5
465	乌鲁木齐	31	w	wlmq	wulumuqi		市	650100	0991	1
466	克拉玛依	31	k	klmy	kelamayi		市	650200	0990	2
467	吐鲁番	31	t	tlf	tulufan		市	652100	0995	3
468	哈密	31	h	hm	hami	回族	地区	652200	0902	4
469	昌吉	31	c	cj	changji		自治州	652300	0994	5
470	博尔塔拉	31	b	betl	boertala	蒙古	自治州	652700	0909	6
471	巴音郭楞	31	b	bygl	bayinguoleng	蒙古	自治州	652800	0996	7
472	阿克苏	31	a	aks	akesu	柯尔克孜	地区	652900	0997	8
473	克孜勒苏	31	k	kzls	kezilesu		自治州	653000	0908	9
474	喀什	31	k	ks	kashi		地区	653100	0998	10
475	和田	31	h	ht	hetian	哈萨克	地区	653200	0903	11
476	伊犁	31	y	yl	yili		自治州	654000	0999	12
477	塔城	31	t	tc	tacheng		地区	654200	0901	13
478	阿勒泰	31	a	alt	aletai		地区	654300	0906	14
479	石河子	31	s	shz	shihezi		市	659001	0993	15
480	阿拉尔	31	a	ale	alaer		市	659002	0997	16
481	图木舒克	31	t	tmsk	tumushuke		市	659003	0998	17
482	五家渠	31	w	wjq	wujiaqu		市	659004	0994	18
483	北屯	31	b	bt	beitun		市	659005	0906	19
484	铁门关	31	t	tmg	tiemenguan		市	659006	0996	20
485	台北	32	t	tb	taibei		市	63	02	1
486	高雄	32	g	gx	gaoxiong		市	64	07	2
487	基隆	32	j	jl	jilong		市	10017	02	3
488	台中	32	t	tz	taizhong		市	10019	04	4
489	台南	32	t	tn	tainan		市	10021	06	5
490	新竹	32	x	xz	xinzhu		市	10018		6
491	嘉义	32	j	jy	jiayi		市	10020	05	7
492	新北	32	x	xb	xinbei		市			8
493	宜兰	32	y	yl	yilan		县	10002		9
494	桃园	32	t	ty	taoyuan		县	10003		10
495	新竹	32	x	xz	xinzhu		县	10004		11
496	苗栗	32	m	ml	miaoli		县	10005		12
497	彰化	32	z	zh	zhanghua		县	10007		13
498	南投	32	n	nt	nantou		县	10008		14
499	云林	32	y	yl	yunlin		县	10009		15
500	嘉义	32	j	jy	jiayi		县	10020		16
501	屏东	32	p	pd	pingdong		县	10013		17
502	台东	32	t	td	taidong		县	10014		18
503	花莲	32	h	hl	hualian		县	10015		19
504	澎湖	32	p	ph	penghu		县	10016	07	20
505	连江	32	l	lj	lianjiang		县			21
506	金门	32	j	jm	jinmen		县			22
507	中西	33	z	zx	zhongxi		区		852	1
508	葵青	33	k	kq	kuiqing		区		852	2
509	元朗	33	y	yl	yuanlang		区		852	3
510	屯门	33	t	tm	tunmen		区		852	4
511	荃湾	33	q	qw	quanwan		区		852	5
512	西贡	33	x	xg	xigong		区		852	6
513	沙田	33	s	st	shatian		区		852	7
514	大埔	33	d	dp	dapu		区		852	8
515	北区	33	b	bq	beiqu				852	9
516	观塘	33	g	gt	guantang		区		852	10
517	黄大仙	33	h	hdx	huangdaxian		区		852	11
518	深水埗	33	s	ssb	shenshuibu		区		852	12
519	油尖旺	33	y	yjw	youjianwang		区		852	13
520	九龙城	33	j	jlc	jiulongcheng		区		852	14
521	南区	33	n	nq	nanqu				852	15
522	东区	33	d	dq	dongqu				852	16
523	湾仔	33	w	wz	wanzi		区		852	17
524	离岛	33	l	ld	lidao		区		852	18
525	花地玛	34	h	hdm	huadima		堂区		853	1
526	圣安多	34	s	sad	shenganduo		堂区		853	2
527	大堂区	34	d	dtq	datangqu		堂区		853	3
528	望德	34	w	wd	wangde		堂区		853	4
529	风顺	34	f	fs	fengshun		堂区		853	5
530	嘉模	34	j	jm	jiamo		堂区		853	6
531	圣方济各	34	s	sfjg	shengfangjige		堂区		853	7
532	路氹城	34	l	ldc	ludangcheng				853	8
533	长安	125	z	za	zhangan		区	130102	0311	1
535	桥西	125	q	qx	qiaoxi		区	130104	0311	2
536	新华	125	x	xh	xinhua		区	130105	0311	3
537	井陉矿	125	j	jxk	jingxingkuang		区	130107	0311	4
538	裕华	125	y	yh	yuhua		区	130108	0311	5
539	井陉	125	j	jx	jingxing		县	130121	0311	9
540	正定	125	z	zd	zhengding		县	130123	0311	10
541	栾城	125	l	lc	luancheng		区	130111	0311	8
542	行唐	125	x	xt	xingtang		县	130125	0311	11
543	灵寿	125	l	ls	lingshou		县	130126	0311	12
544	高邑	125	g	gy	gaoyi		县	130127	0311	13
545	深泽	125	s	sz	shenze		县	130128	0311	14
546	赞皇	125	z	zh	zanhuang		县	130129	0311	15
547	无极	125	w	wj	wuji		县	130130	0311	16
548	平山	125	p	ps	pingshan		县	130131	0311	17
549	元氏	125	y	ys	yuanshi		县	130132	0311	18
550	赵县	125	z	zx	zhaoxian			130133	0311	19
551	辛集	125	x	xj	xinji		市	130181	0311	20
552	藁城	125	g	gc	gaocheng		区	130109	0311	6
553	晋州	125	j	jz	jinzhou		市	130183	0311	21
554	新乐	125	x	xl	xinle		市	130184	0311	22
555	鹿泉	125	l	lq	luquan		区	130110	0311	7
556	路南	126	l	ln	lunan		区	130202	0315	1
557	路北	126	l	lb	lubei		区	130203	0315	2
558	古冶	126	g	gy	guye		区	130204	0315	3
559	开平	126	k	kp	kaiping		区	130205	0315	4
560	丰南	126	f	fn	fengnan		区	130207	0315	5
561	丰润	126	f	fr	fengrun		区	130208	0315	6
562	滦县	126	l	lx	luanxian			130223	0315	7
563	滦南	126	l	ln	luannan		县	130224	0315	8
564	乐亭	126	l	lt	leting		县	130225	0315	9
565	迁西	126	q	qx	qianxi		县	130227	0315	10
566	玉田	126	y	yt	yutian		县	130229	0315	11
567	唐海	126	t	th	tanghai		县	130230	0315	12
568	遵化	126	z	zh	zunhua		市	130281	0315	13
569	迁安	126	q	qa	qianan		市	130283	0315	14
570	海港	127	h	hg	haigang		区	130302	0335	1
571	山海关	127	s	shg	shanhaiguan		区	130303	0335	2
572	北戴河	127	b	bdh	beidaihe		区	130304	0335	3
573	青龙	127	q	ql	qinglong	满族	自治县	130321	0335	4
574	昌黎	127	c	cl	changli		县	130322	0335	5
575	抚宁	127	f	fn	funing		县	130323	0335	6
576	卢龙	127	l	ll	lulong		县	130324	0335	7
577	邯山	128	h	hs	hanshan		区	130402	0310	1
578	丛台	128	c	ct	congtai		区	130403	0310	2
579	复兴	128	f	fx	fuxing		区	130404	0310	3
580	峰峰矿	128	f	ffk	fengfengkuang		区	130406	0310	4
581	邯郸	128	h	hd	handan		县	130421	0310	5
582	临漳	128	l	lz	linzhang		县	130423	0310	6
583	成安	128	c	ca	chengan		县	130424	0310	7
584	大名	128	d	dm	daming		县	130425	0310	8
585	涉县	128	s	sx	shexian			130426	0310	9
586	磁县	128	c	cx	cixian			130427	0310	10
587	肥乡	128	f	fx	feixiang		县	130428	0310	11
588	永年	128	y	yn	yongnian		县	130429	0310	12
589	邱县	128	q	qx	qiuxian			130430	0310	13
590	鸡泽	128	j	jz	jize		县	130431	0310	14
591	广平	128	g	gp	guangping		县	130432	0310	15
592	馆陶	128	g	gt	guantao		县	130433	0310	16
593	魏县	128	w	wx	weixian			130434	0310	17
594	曲周	128	q	qz	quzhou		县	130435	0310	18
595	武安	128	w	wa	wuan		市	130481	0310	19
596	桥东	129	q	qd	qiaodong		区	130502	0319	1
597	桥西	129	q	qx	qiaoxi		区	130503	0319	2
598	邢台	129	x	xt	xingtai		县	130521	0319	3
599	临城	129	l	lc	lincheng		县	130522	0319	4
600	内丘	129	n	nq	neiqiu		县	130523	0319	5
601	柏乡	129	b	bx	boxiang		县	130524	0319	6
602	隆尧	129	l	ly	longyao		县	130525	0319	7
603	任县	129	r	rx	renxian			130526	0319	8
604	南和	129	n	nh	nanhe		县	130527	0319	9
605	宁晋	129	n	nj	ningjin		县	130528	0319	10
606	巨鹿	129	j	jl	julu		县	130529	0319	11
607	新河	129	x	xh	xinhe		县	130530	0319	12
608	广宗	129	g	gz	guangzong		县	130531	0319	13
609	平乡	129	p	px	pingxiang		县	130532	0319	14
610	威县	129	w	wx	weixian			130533	0319	15
611	清河	129	q	qh	qinghe		县	130534	0319	16
612	临西	129	l	lx	linxi		县	130535	0319	17
613	南宫	129	n	ng	nangong		市	130581	0319	18
614	沙河	129	s	sh	shahe		市	130582	0319	19
615	新市	130	x	xs	xinshi		区	130602	0312	1
616	北市	130	b	bs	beishi		区	130603	0312	2
617	南市	130	n	ns	nanshi		区	130604	0312	3
618	满城	130	m	mc	mancheng		县	130621	0312	4
619	清苑	130	q	qy	qingyuan		县	130622	0312	5
620	涞水	130	l	ls	laishui		县	130623	0312	6
621	阜平	130	f	fp	fuping		县	130624	0312	7
622	徐水	130	x	xs	xushui		县	130625	0312	8
623	定兴	130	d	dx	dingxing		县	130626	0312	9
624	唐县	130	t	tx	tangxian			130627	0312	10
625	高阳	130	g	gy	gaoyang		县	130628	0312	11
626	容城	130	r	rc	rongcheng		县	130629	0312	12
627	涞源	130	l	ly	laiyuan		县	130630	0312	13
628	望都	130	w	wd	wangdou		县	130631	0312	14
629	安新	130	a	ax	anxin		县	130632	0312	15
630	易县	130	y	yx	yixian			130633	0312	16
631	曲阳	130	q	qy	quyang		县	130634	0312	17
632	蠡县	130	l	lx	lixian			130635	0312	18
633	顺平	130	s	sp	shunping		县	130636	0312	19
634	博野	130	b	by	boye		县	130637	0312	20
635	雄县	130	x	xx	xiongxian			130638	0312	21
636	涿州	130	z	zz	zhuozhou		市	130681	0312	22
637	定州	130	d	dz	dingzhou		市	130682	0312	23
638	安国	130	a	ag	anguo		市	130683	0312	24
639	高碑店	130	g	gbd	gaobeidian		市	130684	0312	25
640	桥东	131	q	qd	qiaodong		区	130702	0313	1
641	桥西	131	q	qx	qiaoxi		区	130703	0313	2
642	宣化	131	x	xh	xuanhua		区	130705	0313	3
643	下花园	131	x	xhy	xiahuayuan		区	130706	0313	4
644	宣化	131	x	xh	xuanhua		县	130721	0313	5
645	张北	131	z	zb	zhangbei		县	130722	0313	6
646	康保	131	k	kb	kangbao		县	130723	0313	7
647	沽源	131	g	gy	guyuan		县	130724	0313	8
648	尚义	131	s	sy	shangyi		县	130725	0313	9
649	蔚县	131	y	yx	yuxian			130726	0313	10
650	阳原	131	y	yy	yangyuan		县	130727	0313	11
651	怀安	131	h	ha	huaian		县	130728	0313	12
652	万全	131	w	wq	wanquan		县	130729	0313	13
653	怀来	131	h	hl	huailai		县	130730	0313	14
654	涿鹿	131	z	zl	zhuolu		县	130731	0313	15
655	赤城	131	c	cc	chicheng		县	130732	0313	16
656	崇礼	131	c	cl	chongli		县	130733	0313	17
657	双桥	132	s	sq	shuangqiao		区	130802	0314	1
658	双滦	132	s	sl	shuangluan		区	130803	0314	2
659	鹰手营子	132	y	ysyz	yingshouyingzi	矿	区	130804	0314	3
660	承德	132	c	cd	chengde		县	130821	0314	4
661	兴隆	132	x	xl	xinglong		县	130822	0314	5
662	平泉	132	p	pq	pingquan		县	130823	0314	6
663	滦平	132	l	lp	luanping		县	130824	0314	7
664	隆化	132	l	lh	longhua		县	130825	0314	8
665	丰宁	132	f	fn	fengning	满族	自治县	130826	0314	9
666	宽城	132	k	kc	kuancheng	满族	自治县	130827	0314	10
667	围场	132	w	wc	weichang	满族蒙古族	自治县	130828	0314	11
668	新华	133	x	xh	xinhua		区	130902	0317	1
669	运河	133	y	yh	yunhe		区	130903	0317	2
670	沧县	133	c	cx	cangxian			130921	0317	3
671	青县	133	q	qx	qingxian			130922	0317	4
672	东光	133	d	dg	dongguang		县	130923	0317	5
673	海兴	133	h	hx	haixing		县	130924	0317	6
674	盐山	133	y	ys	yanshan		县	130925	0317	7
675	肃宁	133	s	sn	suning		县	130926	0317	8
676	南皮	133	n	np	nanpi		县	130927	0317	9
677	吴桥	133	w	wq	wuqiao		县	130928	0317	10
678	献县	133	x	xx	xianxian			130929	0317	11
679	孟村	133	m	mc	mengcun	回族	自治县	130930	0317	12
680	泊头	133	b	bt	botou		市	130981	0317	13
681	任丘	133	r	rq	renqiu		市	130982	0317	14
682	黄骅	133	h	hh	huanghua		市	130983	0317	15
683	河间	133	h	hj	hejian		市	130984	0317	16
684	安次	134	a	ac	anci		区	131002	0316	1
685	广阳	134	g	gy	guangyang		区	131003	0316	2
686	固安	134	g	ga	guan		县	131022	0316	3
687	永清	134	y	yq	yongqing		县	131023	0316	4
688	香河	134	x	xh	xianghe		县	131024	0316	5
689	大城	134	d	dc	dacheng		县	131025	0316	6
690	文安	134	w	wa	wenan		县	131026	0316	7
691	大厂	134	d	dc	dachang	回族	自治县	131028	0316	8
692	霸州	134	b	bz	bazhou		市	131081	0316	9
693	三河	134	s	sh	sanhe		市	131082	0316	10
694	桃城	135	t	tc	taocheng		区	131102	0318	1
695	枣强	135	z	zq	zaoqiang		县	131121	0318	2
696	武邑	135	w	wy	wuyi		县	131122	0318	3
697	武强	135	w	wq	wuqiang		县	131123	0318	4
698	饶阳	135	r	ry	raoyang		县	131124	0318	5
699	安平	135	a	ap	anping		县	131125	0318	6
700	故城	135	g	gc	gucheng		县	131126	0318	7
701	景县	135	j	jx	jingxian			131127	0318	8
702	阜城	135	f	fc	fucheng		县	131128	0318	9
703	冀州	135	j	jz	jizhou		市	131181	0318	10
704	深州	135	s	sz	shenzhou		市	131182	0318	11
705	小店	136	x	xd	xiaodian		区	140105	0351	1
706	迎泽	136	y	yz	yingze		区	140106	0351	2
707	杏花岭	136	x	xhl	xinghualing		区	140107	0351	3
708	尖草坪	136	j	jcp	jiancaoping		区	140108	0351	4
709	万柏林	136	w	wbl	wanbolin		区	140109	0351	5
710	晋源	136	j	jy	jinyuan		区	140110	0351	6
711	清徐	136	q	qx	qingxu		县	140121	0351	7
712	阳曲	136	y	yq	yangqu		县	140122	0351	8
713	娄烦	136	l	lf	loufan		县	140123	0351	9
714	古交	136	g	gj	gujiao		市	140181	0351	10
715	城区	137	c	cq	chengqu			140202	0352	1
716	矿区	137	k	kq	kuangqu			140203	0352	2
717	南郊	137	n	nj	nanjiao		区	140211	0352	3
718	新荣	137	x	xr	xinrong		区	140212	0352	4
719	阳高	137	y	yg	yanggao		县	140221	0352	5
720	天镇	137	t	tz	tianzhen		县	140222	0352	6
721	广灵	137	g	gl	guangling		县	140223	0352	7
722	灵丘	137	l	lq	lingqiu		县	140224	0352	8
723	浑源	137	h	hy	hunyuan		县	140225	0352	9
724	左云	137	z	zy	zuoyun		县	140226	0352	10
725	大同	137	d	dt	datong		县	140227	0352	11
726	城区	138	c	cq	chengqu			140302	0353	1
727	矿区	138	k	kq	kuangqu			140303	0353	2
728	郊区	138	j	jq	jiaoqu			140311	0353	3
729	平定	138	p	pd	pingding		县	140321	0353	4
730	盂县	138	y	yx	yuxian			140322	0353	5
731	城区	139	c	cq	chengqu			140402	0355	1
732	郊区	139	j	jq	jiaoqu			140411	0355	2
733	长治	139	z	zz	zhangzhi		县	140421	0355	3
734	襄垣	139	x	xy	xiangyuan		县	140423	0355	4
735	屯留	139	t	tl	tunliu		县	140424	0355	5
736	平顺	139	p	ps	pingshun		县	140425	0355	6
737	黎城	139	l	lc	licheng		县	140426	0355	7
738	壶关	139	h	hg	huguan		县	140427	0355	8
739	长子	139	z	zz	zhangzi		县	140428	0355	9
740	武乡	139	w	wx	wuxiang		县	140429	0355	10
741	沁县	139	q	qx	qinxian			140430	0355	11
742	沁源	139	q	qy	qinyuan		县	140431	0355	12
743	潞城	139	l	lc	lucheng		县	140481	0355	13
744	城区	140	c	cq	chengqu			140502	0356	1
745	沁水	140	q	qs	qinshui		县	140521	0356	2
746	阳城	140	y	yc	yangcheng		县	140522	0356	3
747	陵川	140	l	lc	lingchuan		县	140524	0356	4
748	泽州	140	z	zz	zezhou		县	140525	0356	5
749	高平	140	g	gp	gaoping		市	140581	0356	6
750	朔城	141	s	sc	shuocheng		区	140602	0349	1
751	平鲁	141	p	pl	pinglu		区	140603	0349	2
752	山阴	141	s	sy	shanyin		县	140621	0349	3
753	应县	141	y	yx	yingxian			140622	0349	4
754	右玉	141	y	yy	youyu		县	140623	0349	5
755	怀仁	141	h	hr	huairen		县	140624	0349	6
756	榆次	142	y	yc	yuci		区	030600	0354	1
757	榆社	142	y	ys	yushe		县	140721	0354	2
758	左权	142	z	zq	zuoquan		县	140722	0354	3
759	和顺	142	h	hs	heshun		县	140723	0354	4
760	昔阳	142	x	xy	xiyang		县	140724	0354	5
761	寿阳	142	s	sy	shouyang		县	140725	0354	6
762	太谷	142	t	tg	taigu		县	140726	0354	7
763	祁县	142	q	qx	qixian			140727	0354	8
764	平遥	142	p	py	pingyao		县	140728	0354	9
765	灵石	142	l	ls	lingshi		县	140729	0354	10
766	介休	142	j	jx	jiexiu		市	140781	0354	11
767	盐湖	143	y	yh	yanhu		区	140802	0359	1
768	临猗	143	l	ly	linyi		县	140821	0359	2
769	万荣	143	w	wr	wanrong		县	140822	0359	3
770	闻喜	143	w	wx	wenxi		县	140823	0359	4
771	稷山	143	j	js	jishan		县	140824	0359	5
772	新绛	143	x	xj	xinjiang		县	140825	0359	6
773	绛县	143	j	jx	jiangxian			140826	0359	7
774	垣曲	143	y	yq	yuanqu		县	140827	0359	8
775	夏县	143	x	xx	xiaxian			140828	0359	9
776	平陆	143	p	pl	pinglu		县	140829	0359	10
777	芮城	143	r	rc	ruicheng		县	140830	0359	11
778	永济	143	y	yj	yongji		市	140881	0359	12
779	河津	143	h	hj	hejin		市	140882	0359	13
780	忻府	144	x	xf	xinfu		区	140902	0350	1
781	定襄	144	d	dx	dingxiang		县	140921	0350	2
782	五台	144	w	wt	wutai		县	140922	0350	3
783	代县	144	d	dx	daixian			140923	0350	4
784	繁峙	144	f	fz	fanzhi		县	140924	0350	5
785	宁武	144	n	nw	ningwu		县	140925	0350	6
786	静乐	144	j	jl	jingle		县	140926	0350	7
787	神池	144	s	sc	shenchi		县	140927	0350	8
788	五寨	144	w	wz	wuzhai		县	140928	0350	9
789	岢岚	144	k	kl	kelan		县	140929	0350	10
790	河曲	144	h	hq	hequ		县	140930	0350	11
791	保德	144	b	bd	baode		县	140931	0350	12
792	偏关	144	p	pg	pianguan		县	140932	0350	13
793	原平	144	y	yp	yuanping		市	140981	0350	14
794	尧都	145	y	yd	yaodou		区	141002	0357	1
795	曲沃	145	q	qw	quwo		县	141021	0357	2
796	翼城	145	y	yc	yicheng		县	141022	0357	3
797	襄汾	145	x	xf	xiangfen		县	141023	0357	4
798	洪洞	145	h	hd	hongdong		县	141024	0357	5
799	古县	145	g	gx	guxian			141025	0357	6
800	安泽	145	a	az	anze		县	141026	0357	7
801	浮山	145	f	fs	fushan		县	141027	0357	8
802	吉县	145	j	jx	jixian			141028	0357	9
803	乡宁	145	x	xn	xiangning		县	141029	0357	10
804	大宁	145	d	dn	daning		县	141030	0357	11
805	隰县	145	x	xx	xixian			141031	0357	12
806	永和	145	y	yh	yonghe		县	141032	0357	13
807	蒲县	145	p	px	puxian			141033	0357	14
808	汾西	145	f	fx	fenxi		县	141034	0357	15
809	侯马	145	h	hm	houma		市	141081	0357	16
810	霍州	145	h	hz	huozhou		市	141082	0357	17
811	离石	146	l	ls	lishi		区	141102	0358	1
812	文水	146	w	ws	wenshui		县	141121	0358	2
813	交城	146	j	jc	jiaocheng		县	141122	0358	3
814	兴县	146	x	xx	xingxian			141123	0358	4
815	临县	146	l	lx	linxian			141124	0358	5
816	柳林	146	l	ll	liulin		县	141125	0358	6
817	石楼	146	s	sl	shilou		县	141126	0358	7
818	岚县	146	l	lx	lanxian			141127	0358	8
819	方山	146	f	fs	fangshan		县	141128	0358	9
820	中阳	146	z	zy	zhongyang		县	141129	0358	10
821	交口	146	j	jk	jiaokou		县	141130	0358	11
822	孝义	146	x	xy	xiaoyi		市	141181	0358	12
823	汾阳	146	f	fy	fenyang		市	141182	0358	13
824	新城	147	x	xc	xincheng		区	150102	0471	1
825	回民	147	h	hm	huimin		区	150103	0471	2
826	玉泉	147	y	yq	yuquan		区	150104	0471	3
827	赛罕	147	s	sh	saihan		区	150105	0471	4
828	土默特左	147	t	tmtz	tumotezuo		旗	150121	0471	5
829	托克托	147	t	tkt	tuoketuo		县	150122	0471	6
830	和林格尔	147	h	hlge	helingeer		县	150123	0471	7
831	清水河	147	q	qsh	qingshuihe		县	150124	0471	8
832	武川	147	w	wc	wuchuan		县	150125	0471	9
833	东河	148	d	dh	donghe		区	150202	0472	1
834	昆都仑	148	k	kdl	kundoulun		区	150203	0472	2
835	青山	148	q	qs	qingshan		区	150204	0472	3
836	石拐	148	s	sg	shiguai		区	150205	0472	4
837	白云	148	b	by	baiyun	矿	区	150206	0472	5
838	九原	148	j	jy	jiuyuan		区	150207	0472	6
839	土默特右	148	t	tmty	tumoteyou		旗	150221	0472	7
840	固阳	148	g	gy	guyang		县	150222	0472	8
841	达尔罕茂明安	148	d	dehmma	daerhanmaomingan	联合	旗	150223	0472	9
842	海勃湾	149	h	hbw	haibowan		区	150302	0473	1
843	海南	149	h	hn	hainan		区	150303	0473	2
844	乌达	149	w	wd	wuda		区	150304	0473	3
845	红山	150	h	hs	hongshan		区	150402	0476	1
846	元宝山	150	y	ybs	yuanbaoshan		区	150403	0476	2
847	松山	150	s	ss	songshan		区	150404	0476	3
848	阿鲁科尔沁	150	a	alkeq	alukeerqin		旗	150421	0476	4
849	巴林左	150	b	blz	balinzuo		旗	150422	0476	5
850	巴林右	150	b	bly	balinyou		旗	150423	0476	6
851	林西	150	l	lx	linxi		县	150424	0476	7
852	克什克腾	150	k	kskt	keshenketeng		旗	150425	0476	8
853	翁牛特	150	w	wnt	wengniute		旗	150426	0476	9
854	喀喇沁	150	k	klq	kalaqin		旗	150428	0476	10
855	宁城	150	n	nc	ningcheng		县	150429	0476	11
856	敖汉	150	a	ah	aohan		旗	150430	0476	12
857	科尔沁	151	k	keq	keerqin		区	150502	0475	1
858	科尔沁左翼中	151	k	keqzyz	keerqinzuoyizhong		旗	150521	0475	2
859	科尔沁左翼后	151	k	keqzyh	keerqinzuoyihou		旗	150522	0475	3
860	开鲁	151	k	kl	kailu		县	150523	0475	4
861	库伦	151	k	kl	kulun		旗	150524	0475	5
862	奈曼	151	n	nm	naiman		旗	150525	0475	6
863	扎鲁特	151	z	zlt	zhalute		旗	150526	0475	7
864	霍林郭勒	151	h	hlgl	huolinguole		市	150581	0475	8
865	东胜	152	d	ds	dongsheng		区	150602	0477	1
866	达拉特	152	d	dlt	dalate		旗	150621	0477	2
867	准格尔	152	z	zge	zhungeer		旗	150622	0477	3
868	鄂托克前	152	e	etkq	etuokeqian		旗	150623	0477	4
869	鄂托克	152	e	etk	etuoke		旗	150624	0477	5
870	杭锦	152	h	hj	hangjin		旗	150625	0477	6
871	乌审	152	w	ws	wushen		旗	150626	0477	7
872	伊金霍洛	152	y	yjhl	yijinhuoluo		旗	150627	0477	8
873	海拉尔	153	h	hle	hailaer		区	150702	0470	1
874	阿荣	153	a	ar	arong		旗	150721	0470	2
875	莫力达瓦	153	m	mldw	molidawa	达斡尔族	自治旗	150722	0470	3
876	鄂伦春	153	e	elc	elunchun		自治旗	150723	0470	4
877	鄂温克族	153	e	ewkz	ewenkezu		自治旗	150724	0470	5
878	陈巴尔虎	153	c	cbeh	chenbaerhu		旗	150725	0470	6
879	新巴尔虎左	153	x	xbehz	xinbaerhuzuo		旗	150726	0470	7
880	新巴尔虎右	153	x	xbehy	xinbaerhuyou		旗	150727	0470	8
881	满洲里	153	m	mzl	manzhouli		市	150781	0470	9
882	牙克石	153	y	yks	yakeshi		市	150782	0470	10
883	扎兰屯	153	z	zlt	zhalantun		市	150783	0470	11
884	额尔古纳	153	e	eegn	eerguna		市	150784	0470	12
885	根河	153	g	gh	genhe		市	150785	0470	13
886	临河	154	l	lh	linhe		区	150802	0478	1
887	五原	154	w	wy	wuyuan		县	150821	0478	2
888	磴口	154	d	dk	dengkou		县	150822	0478	3
889	乌拉特前	154	w	wltq	wulateqian		旗	150823	0478	4
890	乌拉特中	154	w	wltz	wulatezhong		旗	150824	0478	5
891	乌拉特后	154	w	wlth	wulatehou		旗	150825	0478	6
892	杭锦后	154	h	hjh	hangjinhou		旗	150826	0478	7
893	集宁	155	j	jn	jining		区	150902	0474	1
894	卓资	155	z	zz	zhuozi		县	150921	0474	2
895	化德	155	h	hd	huade		县	150922	0474	3
896	商都	155	s	sd	shangdou		县	150923	0474	4
897	兴和	155	x	xh	xinghe		县	150924	0474	5
898	凉城	155	l	lc	liangcheng		县	150925	0474	6
899	察哈尔右翼前	155	c	cheyyq	chahaeryouyiqian		旗	150926	0474	7
900	察哈尔右翼中	155	c	cheyyz	chahaeryouyizhong		旗	150927	0474	8
901	察哈尔右翼后	155	c	cheyyh	chahaeryouyihou		旗	150928	0474	9
902	四子王	155	s	szw	siziwang		旗	150929	0474	10
903	丰镇	155	f	fz	fengzhen		市	150981	0474	11
904	乌兰浩特	156	w	wlht	wulanhaote		市	152201	0482	1
905	阿尔山	156	a	aes	aershan		市	152202	0482	2
906	科尔沁右翼前	156	k	keqyyq	keerqinyouyiqian		旗	152221	0482	3
907	科尔沁右翼中	156	k	keqyyz	keerqinyouyizhong		旗	152222	0482	4
908	扎赉特	156	z	zlt	zhalaite		旗	152223	0482	5
909	突泉	156	t	tq	tuquan		县	152224	0482	6
910	二连浩特	157	e	elht	erlianhaote		市	152501	0479	1
911	锡林浩特	157	x	xlht	xilinhaote		市	152502	0479	2
912	阿巴嘎	157	a	abg	abaga		旗	152522	0479	3
913	苏尼特左	157	s	sntz	sunitezuo		旗	152523	0479	4
914	苏尼特右	157	s	snty	suniteyou		旗	152524	0479	5
915	东乌珠穆沁	157	d	dwzmq	dongwuzhumuqin		旗	152525	0479	6
916	西乌珠穆沁	157	x	xwzmq	xiwuzhumuqin		旗	152526	0479	7
917	太仆寺	157	t	tps	taipusi		旗	152527	0479	8
918	镶黄	157	x	xh	xianghuang		旗	152528	0479	9
919	正镶白	157	z	zxb	zhengxiangbai		旗	152529	0479	10
920	正蓝	157	z	zl	zhenglan		旗	152530	0479	11
921	多伦	157	d	dl	duolun		县	152531	0479	12
922	阿拉善左	158	a	alsz	alashanzuo		旗	152921	0483	1
923	阿拉善右	158	a	alsy	alashanyou		旗	152922	0483	2
924	额济纳	158	e	ejn	ejina		旗	152923	0483	3
925	和平	159	h	hp	heping		区	210102	024	1
926	沈河	159	s	sh	shenhe		区	210103	024	2
927	大东	159	d	dd	dadong		区	210104	024	3
928	皇姑	159	h	hg	huanggu		区	210105	024	4
929	铁西	159	t	tx	tiexi		区	210106	024	5
930	苏家屯	159	s	sjt	sujiatun		区	210111	024	6
931	浑南	159	h	hn	hunnan		区	210112	024	7
932	沈北新区	159	s	sbxq	shenbeixinqu			210113	024	8
933	于洪	159	y	yh	yuhong		区	210114	024	9
934	辽中	159	l	lz	liaozhong		县	210122	024	10
935	康平	159	k	kp	kangping		县	210123	024	11
936	法库	159	f	fk	faku		县	210124	024	12
937	新民	159	x	xm	xinmin		市	210181	024	13
938	中山	160	z	zs	zhongshan		区	210202	0411	1
939	西岗	160	x	xg	xigang		区	210203	0411	2
940	沙河口	160	s	shk	shahekou		区	210204	0411	3
941	甘井子	160	g	gjz	ganjingzi		区	210211	0411	4
942	旅顺口	160	l	lsk	lu:shunkou		区	210212	0411	5
943	金州	160	j	jz	jinzhou		区	210213	0411	6
944	长海	160	z	zh	zhanghai		县	210224	0411	7
945	瓦房店	160	w	wfd	wafangdian		市	210281	0411	8
946	普兰店	160	p	pld	pulandian		市	210282	0411	9
947	庄河	160	z	zh	zhuanghe		市	210283	0411	10
948	铁东	161	t	td	tiedong		区	210302	0412	1
949	铁西	161	t	tx	tiexi		区	210303	0412	2
950	立山	161	l	ls	lishan		区	210304	0412	3
951	千山	161	q	qs	qianshan		区	210311	0412	4
952	台安	161	t	ta	taian		县	210321	0412	5
953	岫岩	161	x	xy	xiuyan	满族	自治县	210323	0412	6
954	海城	161	h	hc	haicheng		市	210381	0412	7
955	新抚	162	x	xf	xinfu		区	210402	0413	1
956	东洲	162	d	dz	dongzhou		区	210403	0413	2
957	望花	162	w	wh	wanghua		区	210404	0413	3
958	顺城	162	s	sc	shuncheng		区	210411	0413	4
959	抚顺	162	f	fs	fushun		县	210421	0413	5
960	新宾	162	x	xb	xinbin	满族	自治县	210422	0413	6
961	清原	162	q	qy	qingyuan	满族	自治县	210423	0413	7
962	平山	163	p	ps	pingshan		区	210502	0414	1
963	溪湖	163	x	xh	xihu		区	210503	0414	2
964	明山	163	m	ms	mingshan		区	210504	0414	3
965	南芬	163	n	nf	nanfen		区	210505	0414	4
966	本溪	163	b	bx	benxi	满族	自治县	210521	0414	5
967	桓仁	163	h	hr	huanren	满族	自治县	210522	0414	6
968	元宝	164	y	yb	yuanbao		区	210602	0415	1
969	振兴	164	z	zx	zhenxing		区	210603	0415	2
970	振安	164	z	za	zhenan		区	210604	0415	3
971	宽甸	164	k	kd	kuandian	满族	自治县	210624	0415	4
972	东港	164	d	dg	donggang		市	210681	0415	5
973	凤城	164	f	fc	fengcheng		市	210682	0415	6
974	古塔	165	g	gt	guta		区	210702	0416	1
975	凌河	165	l	lh	linghe		区	210703	0416	2
976	太和	165	t	th	taihe		区	210711	0416	3
977	黑山	165	h	hs	heishan		县	210726	0416	4
978	义县	165	y	yx	yixian			210727	0416	5
979	凌海	165	l	lh	linghai		市	210781	0416	6
980	北镇	165	b	bz	beizhen		市	210782	0416	7
981	站前	166	z	zq	zhanqian		区	210802	0417	1
982	西市	166	x	xs	xishi		区	210803	0417	2
983	鲅鱼圈	166	b	byq	bayuquan		区	210804	0417	3
984	老边	166	l	lb	laobian		区	210811	0417	4
985	盖州	166	g	gz	gaizhou		市	210881	0417	5
986	大石桥	166	d	dsq	dashiqiao		市	210882	0417	6
987	海州	167	h	hz	haizhou		区	210902	0418	1
988	新邱	167	x	xq	xinqiu		区	210903	0418	2
989	太平	167	t	tp	taiping		区	210904	0418	3
990	清河门	167	q	qhm	qinghemen		区	210905	0418	4
991	细河	167	x	xh	xihe		区	210911	0418	5
992	阜新	167	f	fx	fuxin	蒙古族	自治县	210921	0418	6
993	彰武	167	z	zw	zhangwu		县	210922	0418	7
994	白塔	168	b	bt	baita		区	211002	0419	1
995	文圣	168	w	ws	wensheng		区	211003	0419	2
996	宏伟	168	h	hw	hongwei		区	211004	0419	3
997	弓长岭	168	g	gzl	gongzhangling		区	211005	0419	4
998	辽阳	168	l	ly	liaoyang		县	211021	0419	5
999	灯塔	168	d	dt	dengta		市	211081	0419	6
1000	太子河	168	t	tzh	taizihe		区	211110	0419	7
1001	双台子	169	s	stz	shuangtaizi		区	211103	0427	1
